MODIFIED_ZCTA,02-Apr-2020,03-Apr-2020,04-Apr-2020,05-Apr-2020,06-Apr-2020,07-Apr-2020,08-Apr-2020,09-Apr-2020,10-Apr-2020,11-Apr-2020,12-Apr-2020,13-Apr-2020,14-Apr-2020,15-Apr-2020,16-Apr-2020,17-Apr-2020,18-Apr-2020,19-Apr-2020,20-Apr-2020,21-Apr-2020,22-Apr-2020,23-Apr-2020,24-Apr-2020,25-Apr-2020,26-Apr-2020,27-Apr-2020,28-Apr-2020,29-Apr-2020,30-Apr-2020,01-May-2020,02-May-2020,03-May-2020,04-May-2020,05-May-2020,06-May-2020,07-May-2020,08-May-2020,09-May-2020,10-May-2020,11-May-2020,12-May-2020,13-May-2020,14-May-2020,15-May-2020,16-May-2020,17-May-2020,18-May-2020,19-May-2020,20-May-2020,21-May-2020,22-May-2020,23-May-2020,24-May-2020,25-May-2020,26-May-2020,27-May-2020,28-May-2020,29-May-2020,30-May-2020,31-May-2020,01-Jun-2020,02-Jun-2020,03-Jun-2020,04-Jun-2020,05-Jun-2020,06-Jun-2020,07-Jun-2020,08-Jun-2020,09-Jun-2020,10-Jun-2020,11-Jun-2020,12-Jun-2020,13-Jun-2020,14-Jun-2020,15-Jun-2020,16-Jun-2020,17-Jun-2020,18-Jun-2020,19-Jun-2020,20-Jun-2020,21-Jun-2020,22-Jun-2020,23-Jun-2020,24-Jun-2020,25-Jun-2020,26-Jun-2020,27-Jun-2020,28-Jun-2020,30-Jun-2020,01-Jul-2020,02-Jul-2020,03-Jul-2020,04-Jul-2020,05-Jul-2020,06-Jul-2020,07-Jul-2020,08-Jul-2020,09-Jul-2020,10-Jul-2020,11-Jul-2020,12-Jul-2020,13-Jul-2020,14-Jul-2020,15-Jul-2020,16-Jul-2020,17-Jul-2020,18-Jul-2020,19-Jul-2020,20-Jul-2020,21-Jul-2020,22-Jul-2020,23-Jul-2020,24-Jul-2020,25-Jul-2020,26-Jul-2020,27-Jul-2020,28-Jul-2020,29-Jul-2020,30-Jul-2020,31-Jul-2020,01-Aug-2020,02-Aug-2020,03-Aug-2020,04-Aug-2020,05-Aug-2020,06-Aug-2020,07-Aug-2020,08-Aug-2020,09-Aug-2020,10-Aug-2020,11-Aug-2020,12-Aug-2020,13-Aug-2020,14-Aug-2020,15-Aug-2020,16-Aug-2020,17-Aug-2020,18-Aug-2020,19-Aug-2020,20-Aug-2020,21-Aug-2020,22-Aug-2020,23-Aug-2020,24-Aug-2020,25-Aug-2020,26-Aug-2020,27-Aug-2020,28-Aug-2020,29-Aug-2020,30-Aug-2020,31-Aug-2020,01-Sep-2020,02-Sep-2020,03-Sep-2020,04-Sep-2020,05-Sep-2020,07-Sep-2020,08-Sep-2020,09-Sep-2020,10-Sep-2020,11-Sep-2020,12-Sep-2020,14-Sep-2020,15-Sep-2020,16-Sep-2020,17-Sep-2020,18-Sep-2020,19-Sep-2020,20-Sep-2020,21-Sep-2020,22-Sep-2020,23-Sep-2020,24-Sep-2020,25-Sep-2020,26-Sep-2020,27-Sep-2020,28-Sep-2020,29-Sep-2020,30-Sep-2020,01-Oct-2020,02-Oct-2020,03-Oct-2020,04-Oct-2020,05-Oct-2020,06-Oct-2020
10001,0,23,10,12,0,12,8,13,6,4,10,10,10,7,4,9,3,6,1,5,2,9,8,3,87,-76,1,1,2,1,2,3,2,3,-1,0,1,0,4,2,1,0,2,4,2,5,1,1,1,1,5,5,1,0,0,2,3,0,4,3,0,-1,2,1,3,0,0,0,2,4,2,2,1,0,0,0,2,0,0,2,0,0,0,1,1,0,3,0,1,3,0,1,3,0,0,2,1,1,4,2,0,0,0,4,1,1,0,2,1,2,0,0,0,2,0,0,0,1,2,1,-1,1,2,-1,3,4,3,-1,0,0,0,0,0,0,2,0,0,0,1,4,0,2,2,0,-3,1,0,0,1,0,0,0,0,3,0,1,3,0,2,3,-2,2,2,0,0,-2,2,1,1,-1,1,1,1,0,0,0,1,0,-1,1,4,-4,0,1,0
10002,0,67,24,19,0,45,16,35,36,8,39,15,24,67,21,19,10,17,4,13,4,23,18,6,198,-170,20,4,5,11,14,8,8,12,9,6,2,8,9,6,1,3,2,15,14,5,5,4,5,2,8,8,5,4,1,0,5,1,9,8,0,3,3,3,5,3,2,2,1,4,1,1,1,1,1,4,4,0,2,1,2,1,1,2,2,2,2,1,6,4,2,4,11,12,1,6,3,6,4,2,7,7,4,6,8,11,5,6,2,7,1,3,0,9,-1,0,1,1,1,4,4,4,9,4,3,8,4,3,6,5,1,1,4,3,7,5,1,1,4,1,5,2,1,3,2,0,5,2,1,2,1,0,2,0,1,2,3,0,0,3,-1,0,3,0,4,4,1,0,2,1,3,2,4,2,0,1,2,1,10,2,1,1,2,2,1
10003,0,30,7,12,0,20,8,15,11,3,12,6,5,33,6,8,5,5,4,4,3,5,4,1,119,-109,3,1,5,2,3,4,3,3,4,1,0,3,3,1,0,6,2,2,1,1,4,1,1,2,3,2,0,0,0,1,2,3,0,0,0,1,2,-1,0,2,1,0,1,0,0,2,0,0,0,0,1,2,2,0,1,1,3,1,1,0,4,1,1,1,1,2,6,3,0,2,2,2,0,2,0,0,1,2,1,1,0,4,1,2,0,1,1,2,0,0,3,3,1,1,0,0,0,0,0,0,3,-1,1,0,2,1,1,1,1,0,0,0,0,3,4,2,1,1,0,1,0,1,0,4,0,1,3,1,2,4,2,0,0,4,4,1,4,2,0,2,1,7,2,0,0,1,1,0,2,3,0,2,3,2,2,5,4,2,3
10004,0,3,1,0,0,0,0,1,1,0,1,0,0,0,1,0,0,0,1,1,0,0,-1,1,10,-10,0,0,0,0,1,0,1,0,0,0,0,0,0,0,0,0,0,0,0,0,1,0,1,0,0,0,0,0,0,1,0,0,0,0,0,0,0,0,0,0,0,0,0,0,0,0,1,0,0,0,0,0,0,0,0,0,0,0,0,0,0,0,0,0,0,0,1,0,0,0,0,0,0,2,0,0,0,1,0,0,0,0,0,0,0,0,0,2,0,0,1,0,0,0,0,0,0,0,0,0,0,0,0,0,0,0,0,0,0,0,0,0,0,0,1,0,0,0,0,0,0,0,0,0,0,0,0,0,0,0,0,0,0,2,0,1,0,0,0,0,0,0,0,0,1,0,0,1,0,0,0,0,2,0,0,0,1,0,1
10005,0,3,0,1,0,3,0,4,0,1,1,1,1,1,1,2,0,0,0,0,0,1,2,1,11,-10,2,1,0,1,1,0,0,0,0,0,0,0,0,0,0,0,1,1,0,1,1,0,0,1,0,0,0,0,0,0,1,0,1,0,0,0,0,0,0,0,0,0,1,0,1,0,0,0,0,0,0,1,0,0,0,0,0,1,0,0,0,0,0,1,1,0,2,0,0,0,0,2,0,1,0,0,1,1,0,0,1,0,0,1,0,0,0,0,0,1,2,0,0,0,2,0,1,2,1,1,0,1,0,0,2,0,0,0,0,1,1,1,1,0,1,0,0,0,0,0,1,0,0,0,0,1,1,1,0,2,0,0,0,1,1,0,0,0,1,2,1,1,0,1,0,0,1,0,1,0,0,0,0,0,1,-1,1,0,1
10006,0,1,0,0,0,1,0,0,0,0,2,1,0,1,1,1,0,0,0,1,0,0,0,1,6,-1,0,0,0,0,0,0,0,0,0,0,0,2,0,0,0,-1,0,0,1,0,0,0,0,0,0,0,0,0,1,0,0,0,0,0,0,0,0,0,0,0,0,0,0,0,0,2,0,0,0,0,0,0,0,0,0,0,0,1,0,0,1,0,1,0,0,0,0,0,0,1,0,2,0,0,0,1,0,1,0,0,0,0,0,1,0,0,1,0,0,0,0,0,0,0,0,0,1,1,0,0,0,0,0,1,0,0,0,0,0,0,0,0,0,0,0,0,0,0,0,1,0,2,0,0,0,0,0,1,0,1,1,0,0,1,0,0,0,0,0,0,0,0,0,0,0,0,0,1,0,1,0,0,0,0,0,1,0,0,0
10007,0,2,1,0,0,1,0,1,1,0,2,0,1,0,1,1,2,1,1,1,0,0,4,0,4,-4,-1,0,0,0,2,2,0,-1,0,0,0,0,0,0,0,0,0,2,0,0,0,0,-1,0,0,0,0,0,0,0,0,3,2,0,0,0,0,0,4,0,0,0,1,0,0,0,1,0,1,0,0,0,0,1,-1,0,0,1,0,0,0,0,0,0,1,0,0,0,0,0,1,0,1,1,0,0,0,1,0,0,0,0,0,0,0,0,0,1,1,0,1,0,0,1,0,0,0,-1,0,0,0,0,0,0,0,0,1,0,0,1,0,0,0,0,0,0,0,0,0,0,1,0,0,0,0,0,0,0,0,0,0,0,0,0,0,0,0,0,1,1,0,-1,0,0,1,0,1,1,0,2,1,0,-1,0,0,0,0,0,1
10009,0,55,17,9,0,36,10,25,15,1,32,8,18,63,10,14,7,17,4,8,0,17,6,8,99,-81,8,5,5,4,4,2,3,3,1,2,1,8,6,0,0,5,1,9,5,2,4,1,1,0,4,1,3,2,1,0,6,5,4,2,0,0,0,1,1,0,0,2,2,2,4,0,1,0,1,1,2,0,1,3,3,1,1,2,1,4,0,2,2,2,2,4,1,3,1,6,1,2,0,4,3,1,1,5,3,0,1,2,5,3,0,2,-1,4,0,3,4,0,5,2,3,1,3,3,3,3,5,1,0,0,1,2,2,1,1,0,3,0,2,2,1,2,1,2,-1,1,-1,2,0,2,0,2,0,0,0,1,0,1,4,4,1,2,7,4,4,2,2,1,2,1,2,1,0,1,2,2,0,1,4,1,1,3,1,2,0
10010,0,17,1,2,0,12,4,13,8,2,6,3,6,13,2,5,5,1,1,1,1,6,5,1,61,-53,1,1,0,2,4,3,-1,3,0,2,0,2,0,1,0,0,3,4,1,1,0,0,0,2,0,1,1,0,0,1,1,1,0,0,3,0,3,3,0,0,0,0,0,0,0,2,0,1,0,0,1,0,0,0,1,0,0,1,1,1,1,0,-2,3,0,1,4,0,0,1,1,1,4,0,0,1,0,0,2,4,4,1,2,1,1,1,-1,3,0,0,1,0,0,1,0,0,0,1,0,2,1,4,-1,2,1,0,2,3,2,1,0,2,0,1,0,0,1,1,2,1,2,0,1,2,1,3,0,0,0,2,0,0,0,5,2,1,1,-1,0,1,0,2,2,0,1,1,0,0,2,0,1,3,2,2,1,1,0,2,1
10011,0,33,12,11,0,30,8,13,12,1,13,4,6,10,5,4,6,4,4,5,1,7,11,5,136,-114,1,1,1,1,5,2,3,6,2,2,1,2,0,1,1,2,1,5,2,1,4,1,0,1,6,4,1,1,1,1,3,1,3,0,0,0,1,2,0,1,2,0,0,0,1,0,0,0,0,2,1,1,0,0,1,1,3,0,0,1,0,0,4,0,0,0,1,1,2,2,1,1,0,5,4,0,3,1,3,1,1,1,5,5,1,2,2,4,-1,2,3,3,7,0,0,0,1,0,0,1,1,2,2,1,2,2,1,0,2,0,1,0,1,2,3,1,4,2,-1,3,-1,2,1,0,1,2,4,0,1,0,1,0,1,2,1,1,1,2,3,1,0,2,0,0,2,2,1,1,0,0,0,1,1,1,0,3,3,0,-1
10012,0,9,3,5,0,1,2,3,5,0,2,1,2,8,4,0,1,2,2,3,0,4,5,3,33,-31,1,1,2,1,1,1,3,2,1,1,0,1,0,1,0,1,0,2,1,0,0,0,0,0,1,0,0,0,0,0,2,0,2,0,0,0,2,0,0,0,0,0,0,0,0,0,1,0,0,0,0,1,0,1,0,0,1,0,1,0,0,3,1,2,2,1,0,1,0,1,0,1,0,0,0,1,1,1,2,0,0,1,0,2,-1,1,1,0,1,0,0,0,2,1,1,3,0,0,1,0,3,0,2,1,0,0,5,2,1,1,1,0,1,2,1,1,1,0,-2,0,1,2,0,1,0,0,1,2,0,4,-1,1,0,0,3,0,1,0,2,0,0,2,0,0,3,1,0,0,0,2,0,1,1,0,5,1,1,2,1
10013,0,-2,2,2,0,7,4,5,9,2,10,1,4,1,3,3,4,2,0,1,1,6,6,1,51,-44,6,0,3,2,2,3,0,3,5,0,1,2,1,2,3,0,4,2,5,0,2,2,1,0,2,0,1,0,1,2,-1,1,1,1,0,0,1,0,0,2,0,1,0,0,0,0,0,0,1,0,1,0,1,0,4,1,1,0,1,1,2,2,0,0,0,3,4,0,2,1,0,1,0,1,1,1,0,0,1,3,0,1,2,0,0,1,2,0,0,1,1,2,1,0,0,2,1,1,1,3,1,0,0,0,4,2,0,0,1,1,0,1,0,1,0,1,1,0,0,0,0,0,1,1,0,0,1,0,0,0,0,0,2,0,-1,2,2,0,0,0,2,2,1,1,0,0,0,2,1,0,1,0,0,0,3,3,0,0,0
10014,0,23,5,10,0,8,3,9,7,2,5,1,3,7,6,1,3,0,2,1,2,2,4,3,60,-56,1,0,4,2,5,2,1,3,1,2,1,0,2,0,0,0,0,1,2,2,3,1,1,-1,1,0,1,0,1,2,2,0,1,0,2,1,1,2,0,0,1,0,0,2,1,0,1,0,0,2,1,0,3,0,1,3,0,0,0,3,1,1,1,1,0,1,3,5,1,2,0,2,0,1,2,0,0,2,2,2,1,2,-1,9,1,1,0,1,0,0,1,1,1,0,0,0,1,0,4,2,0,1,0,0,0,1,2,1,0,1,0,0,0,0,1,0,0,0,1,0,0,1,3,1,0,1,0,0,0,1,0,0,1,0,1,0,4,0,3,1,2,2,0,1,0,1,2,1,1,0,1,0,0,0,2,1,2,1,2
10016,0,7,16,13,0,20,10,35,23,5,18,7,12,16,10,8,8,6,4,9,5,15,4,7,181,-168,7,7,9,5,10,7,1,5,3,2,2,1,4,3,0,0,4,4,1,3,5,0,0,3,4,3,4,0,0,4,0,10,3,2,1,0,0,4,3,2,1,1,2,2,1,2,1,4,11,1,1,1,2,1,6,4,1,1,1,4,1,1,-2,0,3,3,2,0,2,2,3,-2,3,0,0,3,1,6,2,1,6,2,5,5,3,3,1,6,0,2,0,1,2,1,1,0,0,-1,1,2,4,1,1,0,0,4,1,3,1,2,3,1,3,5,0,0,2,3,-3,0,2,3,0,2,1,4,1,3,1,2,1,1,0,1,1,2,3,1,1,4,2,1,1,3,2,0,0,2,3,4,1,0,2,2,2,7,4,0,2
10017,0,14,4,2,0,9,0,6,3,0,7,2,3,3,2,5,0,2,1,1,2,2,5,3,34,-30,-2,2,-1,0,1,0,0,0,1,2,0,0,2,0,0,0,0,0,0,2,0,0,1,1,0,1,0,0,0,0,1,0,2,2,1,1,1,0,0,0,0,0,0,0,0,1,0,0,0,0,0,0,0,0,0,0,1,1,0,0,1,1,0,0,0,2,0,0,0,0,1,0,1,0,2,1,0,0,0,0,0,1,0,0,0,1,0,0,0,0,0,0,1,2,2,0,0,0,1,0,0,0,1,0,1,0,0,0,0,0,0,0,0,0,0,0,1,0,0,0,1,-1,0,0,0,1,0,0,0,0,1,0,0,3,0,1,0,0,0,-1,0,0,0,0,-1,1,0,1,0,0,1,1,1,1,0,0,1,1,1
10018,0,31,6,3,0,10,4,6,14,8,8,1,2,0,0,4,3,2,0,1,0,6,1,3,36,-33,4,0,0,3,-2,6,0,0,0,1,0,0,2,0,0,2,0,1,0,0,1,0,0,0,0,0,0,0,0,0,0,2,0,0,1,0,0,0,0,0,1,0,0,0,1,0,0,0,0,5,1,1,0,0,0,2,0,0,3,1,2,0,1,3,0,-1,2,2,1,1,0,1,1,5,1,0,3,2,2,0,-1,0,1,4,0,-3,2,-2,-4,1,5,3,1,-7,1,1,1,-1,2,3,3,2,0,1,2,1,4,0,0,2,0,-48,0,0,0,-3,-2,0,2,2,0,0,0,0,0,0,0,2,0,1,0,0,0,-5,-5,-2,-1,0,-1,-1,1,4,-1,1,-3,-2,4,0,0,0,1,0,1,1,0,1,1,0,0
10019,0,39,11,7,0,20,11,23,12,4,20,5,11,61,13,10,1,6,2,6,1,8,10,5,102,-88,8,3,8,3,7,4,3,4,2,3,0,4,5,2,4,3,0,2,4,2,0,1,1,-1,7,6,5,2,0,3,1,1,2,3,1,1,2,0,2,2,1,2,2,1,2,3,3,0,2,0,1,1,1,0,3,1,3,1,1,2,0,0,-1,2,0,2,1,4,1,4,0,1,4,1,1,2,1,-2,1,-1,2,1,3,1,1,2,1,2,0,1,-1,5,1,2,1,1,1,2,1,5,0,1,0,1,2,2,3,0,0,0,1,1,0,2,2,0,2,1,0,0,1,0,1,1,0,2,1,2,2,1,0,1,1,1,5,1,3,0,1,2,4,2,0,3,0,2,0,0,2,1,1,0,-1,3,0,4,0,2,3
10021,0,47,13,11,0,13,3,27,25,10,26,3,11,5,7,7,9,3,0,7,5,8,7,3,119,-111,5,2,11,2,3,2,0,1,1,2,3,4,6,1,1,-1,3,6,3,1,1,0,1,2,4,0,1,1,0,9,1,2,2,0,2,0,4,4,2,0,1,0,1,1,0,3,1,0,0,2,0,1,1,1,2,0,0,1,1,2,2,2,0,0,0,0,0,0,0,2,1,0,5,2,2,2,3,1,1,0,1,2,1,0,1,0,-2,4,0,1,1,1,2,2,0,0,0,1,0,0,1,2,2,1,0,0,1,1,1,0,0,1,0,2,2,0,2,1,0,0,1,0,2,0,3,2,1,0,4,0,-1,2,1,4,1,1,3,0,2,0,5,4,1,5,0,2,1,5,1,0,0,1,2,3,1,3,1,1,2
10022,0,25,9,2,0,15,8,5,15,4,13,3,9,5,2,5,4,3,1,3,0,6,8,4,94,-86,0,2,3,5,0,3,2,4,4,2,1,2,4,0,0,3,5,3,1,1,0,3,0,-1,0,1,0,0,0,0,1,1,5,1,0,0,0,0,0,2,0,1,0,0,1,1,0,0,0,0,2,0,1,2,0,1,0,1,1,0,1,0,1,2,4,0,2,1,1,1,2,2,0,2,0,0,0,0,0,1,0,1,1,0,0,2,0,2,0,2,0,1,0,2,1,1,0,1,0,3,1,0,0,0,0,1,1,0,0,0,1,0,2,3,0,1,1,1,-1,2,1,1,0,0,0,0,0,0,0,3,0,0,1,4,0,0,1,1,3,0,0,1,1,1,2,0,0,1,0,0,0,0,1,1,2,3,2,0,0
10023,0,41,14,6,0,18,6,14,23,3,26,9,18,38,10,5,6,6,1,5,2,8,12,2,98,-87,7,1,4,1,5,2,2,0,4,6,0,2,2,0,2,2,1,6,1,1,4,3,3,2,3,2,2,2,2,2,0,3,3,0,0,1,1,1,0,0,2,1,1,1,0,2,1,0,2,-1,1,2,3,0,1,0,0,2,0,1,4,2,0,0,2,0,2,1,0,1,1,1,3,1,1,2,0,2,1,0,2,1,4,1,0,1,2,3,2,0,0,0,0,2,4,0,2,1,2,2,2,1,4,2,4,0,1,0,0,2,2,0,2,2,0,0,0,3,-1,2,0,1,1,0,1,0,0,0,0,1,1,2,0,3,1,0,2,0,0,3,4,2,0,1,2,0,4,4,1,1,3,2,3,1,3,1,2,4,0
10024,0,51,15,13,0,24,11,21,19,1,21,6,14,36,11,7,12,6,4,8,9,13,9,6,152,-140,8,3,5,8,0,6,8,5,5,1,1,4,3,3,3,2,2,5,5,1,4,0,2,2,4,4,5,10,0,8,9,9,7,3,-1,0,4,2,5,2,3,0,1,5,4,1,6,0,5,1,2,1,3,1,4,2,0,3,0,2,6,1,2,2,2,1,6,4,0,1,2,1,2,0,0,3,0,2,3,2,3,1,1,4,1,3,3,1,0,0,4,0,1,3,1,3,0,0,2,1,1,1,0,0,1,1,4,0,3,5,3,1,0,2,1,1,1,1,0,1,0,1,0,0,1,2,5,4,5,1,0,0,0,1,3,0,1,1,1,2,5,2,1,1,0,0,4,10,2,1,3,3,4,1,0,3,2,1,1
10025,0,75,30,20,0,56,33,47,54,15,44,26,33,105,20,26,11,28,13,13,9,20,26,21,253,-216,16,9,6,20,12,5,14,5,3,7,3,8,8,8,3,4,4,2,9,2,7,5,8,12,19,29,1,3,1,10,2,5,12,5,8,8,8,7,3,13,9,3,2,4,7,4,3,2,0,3,3,1,1,2,18,3,3,4,4,2,3,7,-1,2,7,4,-3,3,1,2,1,0,3,5,4,3,2,0,7,2,1,4,1,2,0,3,0,4,-1,0,6,3,1,1,2,0,2,1,2,0,4,3,2,3,1,5,3,2,2,2,3,1,1,2,4,1,4,2,1,1,2,2,1,5,1,5,4,3,4,2,3,1,1,7,1,1,5,4,2,4,3,2,0,1,0,3,1,1,4,2,4,3,1,1,0,9,8,7,5
10026,0,40,22,9,0,23,11,24,19,5,29,6,20,57,9,11,10,7,10,5,2,11,10,17,101,-74,5,7,10,8,13,2,6,3,6,8,3,5,4,5,0,2,0,4,6,2,2,2,2,2,2,2,1,0,0,1,4,0,1,1,0,0,2,0,3,2,3,0,0,1,1,0,2,0,1,1,0,2,0,1,1,1,0,3,1,1,1,3,6,3,2,3,4,4,0,1,1,3,3,0,2,0,0,0,1,2,3,2,3,1,0,1,1,4,3,0,2,0,1,2,4,0,2,0,1,1,1,1,0,2,1,1,3,1,4,1,1,1,3,3,0,3,3,1,0,0,0,0,1,5,1,2,0,2,0,1,0,0,3,3,2,1,4,1,0,2,3,1,1,1,0,0,1,2,3,0,2,0,1,1,2,4,2,1,0
10027,0,54,26,17,0,60,19,43,30,8,49,11,9,103,13,21,7,14,7,6,4,19,24,14,143,-112,17,7,15,7,21,10,11,7,9,15,4,6,10,6,8,6,6,15,7,5,8,7,4,1,6,4,4,1,1,0,7,3,7,4,2,3,7,3,2,1,1,1,1,3,2,1,4,1,0,3,1,3,1,1,6,2,1,3,6,0,4,1,7,2,2,3,0,4,0,3,3,5,2,0,1,1,2,3,4,3,0,2,1,3,0,1,1,4,0,0,3,1,2,6,6,-4,0,2,2,4,3,5,3,0,2,0,1,1,0,0,1,3,2,1,2,1,4,0,2,1,0,2,1,0,1,4,0,1,3,2,5,0,1,1,8,1,3,5,3,0,2,3,1,1,2,0,3,1,0,0,-1,6,0,3,2,1,3,0,1
10028,0,31,9,8,0,20,7,20,13,5,15,9,4,13,8,8,6,6,4,4,1,3,8,2,121,-115,10,2,11,1,1,2,1,2,5,2,1,1,1,1,2,1,2,2,0,1,0,0,2,2,1,1,1,0,0,0,1,2,2,1,1,0,3,1,1,0,0,1,1,0,5,0,2,0,0,0,-1,0,1,0,0,0,1,0,1,2,3,0,4,3,1,1,0,0,1,0,0,1,1,0,2,4,2,1,1,0,0,-1,0,0,0,4,0,3,1,1,1,2,2,1,0,0,1,0,2,1,2,0,0,1,0,2,0,2,0,4,1,1,0,4,3,1,1,0,-1,3,3,0,0,1,0,0,0,0,1,2,0,0,1,2,1,0,3,0,5,-1,1,0,1,1,0,3,0,3,0,1,0,2,1,1,3,4,4,1,1
10029,0,83,48,40,0,83,32,104,69,20,55,29,36,148,39,34,32,20,18,22,4,64,49,31,300,-240,28,14,21,19,14,18,24,11,17,15,4,18,9,8,6,5,13,9,13,10,12,5,5,5,8,3,5,7,3,8,15,9,11,7,-1,-4,7,6,7,6,0,5,1,5,0,3,1,0,0,3,0,2,5,4,5,1,4,2,3,1,3,-1,1,4,6,6,4,5,1,0,2,4,1,2,4,3,4,-3,3,4,2,7,4,4,3,3,0,2,0,1,2,2,4,0,3,1,1,3,2,5,4,4,3,7,3,5,2,7,3,8,3,6,2,3,4,1,2,2,3,7,1,4,4,0,2,1,2,3,0,3,0,0,2,6,4,0,3,6,1,8,0,2,0,1,2,2,0,1,0,1,2,3,4,1,0,2,3,6,2
10030,0,29,14,15,0,22,8,38,22,3,20,3,9,24,10,8,5,15,5,4,1,8,6,2,75,-57,6,6,6,6,-1,5,3,2,4,4,1,3,2,2,1,1,3,5,9,3,3,6,2,0,1,0,0,1,1,0,5,1,3,1,-1,2,0,2,3,2,1,2,0,0,1,0,0,1,1,2,1,1,0,2,1,0,0,1,1,1,1,0,1,1,1,0,2,2,1,1,1,2,1,0,1,2,3,2,2,1,0,0,2,4,0,2,0,2,0,1,1,0,0,1,1,3,0,1,2,0,1,1,1,0,0,3,0,0,0,0,0,0,0,0,1,1,1,0,1,2,0,0,2,0,0,1,0,3,0,2,1,1,0,1,2,1,1,0,1,0,0,1,0,0,0,0,1,0,0,0,1,2,1,5,1,0,0,1,2
10031,0,71,26,26,0,67,26,50,53,6,69,24,25,66,29,24,15,13,11,23,3,27,25,22,195,-140,21,5,8,21,12,14,13,15,8,17,7,17,10,12,9,12,2,21,6,15,6,1,4,3,5,4,5,3,3,8,8,3,9,7,-1,3,10,3,2,2,6,2,3,1,7,2,2,2,2,1,1,6,3,5,2,1,4,2,3,3,2,1,8,5,5,2,3,7,0,6,2,4,2,2,0,3,1,2,1,3,3,1,2,4,0,3,0,1,1,2,2,2,4,0,2,1,1,2,5,5,5,-1,6,8,5,3,7,4,2,2,3,0,1,2,3,1,1,3,2,2,2,3,3,5,1,3,1,2,0,2,5,2,0,2,2,0,3,4,3,1,1,6,1,3,4,1,2,2,0,2,0,0,1,-1,5,5,7,3,3
10032,0,81,42,17,0,60,35,43,43,7,92,23,24,45,37,41,21,18,7,24,5,39,39,31,215,-172,21,7,15,17,24,10,15,21,11,22,5,11,14,3,7,4,8,22,14,6,5,2,9,2,21,6,4,15,4,1,11,3,6,7,4,6,2,10,2,0,9,3,4,2,4,5,10,2,4,1,5,2,3,5,5,0,7,2,5,1,4,4,6,5,2,2,6,4,1,3,1,6,2,2,3,3,3,1,1,7,6,2,3,4,2,3,0,1,0,3,2,2,1,2,2,4,0,7,5,2,3,1,7,3,2,7,4,6,3,5,0,0,1,3,1,2,4,2,2,4,5,3,2,2,1,1,1,2,4,2,2,0,1,4,0,4,4,1,2,3,2,2,1,2,0,1,0,1,1,0,3,1,3,3,6,7,6,2,6
10033,0,78,24,25,0,48,35,47,37,2,66,17,28,29,35,31,19,16,5,11,6,42,51,26,202,-142,17,4,19,22,22,20,10,14,12,12,7,10,8,1,6,7,8,15,15,9,4,4,5,5,12,8,0,8,2,9,4,3,1,5,0,7,10,10,3,1,1,3,3,3,5,4,2,1,2,0,1,1,1,2,4,0,5,1,3,1,6,1,4,0,2,5,2,8,1,1,3,1,2,4,1,3,4,3,3,1,3,0,1,4,0,3,-1,2,0,1,3,4,1,0,1,0,0,5,3,3,3,1,4,3,1,6,3,2,5,5,4,6,1,3,-1,2,3,0,3,2,4,3,0,2,1,2,2,0,3,2,1,1,0,4,2,0,3,4,0,1,3,6,1,5,3,1,4,0,2,2,1,1,5,3,4,7,1,1,3
10034,0,44,17,9,0,34,19,42,24,3,45,8,14,16,16,21,13,6,6,13,3,26,19,9,98,-79,17,5,7,6,16,6,5,4,4,6,1,8,5,3,0,0,2,14,17,3,4,4,3,1,3,1,0,3,1,2,4,3,2,1,1,3,3,1,0,0,3,1,2,4,0,3,2,0,4,1,3,2,-1,1,2,2,1,1,2,5,4,0,3,5,1,3,0,2,3,0,1,3,1,4,4,1,1,0,1,2,1,1,2,0,0,3,0,5,2,4,1,2,8,3,2,4,1,3,2,3,4,2,3,2,2,4,1,2,0,2,2,4,0,4,5,3,1,2,-1,1,-1,0,0,1,4,3,1,5,0,1,0,0,2,1,0,1,1,0,0,3,1,3,3,1,0,1,0,3,2,2,1,0,1,0,0,0,0,2,0
10035,0,69,17,21,0,47,20,37,35,10,37,19,16,80,28,24,15,14,15,13,3,12,18,16,152,-120,12,5,5,12,4,6,11,5,11,14,2,8,5,5,3,2,14,11,9,11,1,5,5,2,4,1,2,1,1,1,0,3,3,4,0,0,3,3,3,5,1,2,0,9,3,2,3,9,14,1,1,5,1,1,2,1,1,3,1,2,1,0,5,6,1,3,3,7,4,3,0,6,3,2,1,1,3,4,4,3,0,4,3,2,1,3,2,4,1,2,3,2,0,1,1,1,1,0,1,2,4,2,2,0,2,1,3,0,1,2,0,1,1,1,2,3,2,0,1,0,0,2,0,0,0,2,0,1,0,0,0,1,0,3,0,1,2,2,1,0,0,1,0,1,0,0,0,0,0,-1,1,1,1,4,0,2,0,7,0
10036,0,34,7,3,0,29,8,10,5,2,18,3,6,29,7,9,5,10,3,5,0,11,8,5,63,-55,3,2,4,3,2,6,2,0,1,3,1,2,2,2,3,2,2,4,2,2,0,1,1,2,2,1,2,5,1,1,1,0,1,1,0,1,3,0,2,2,0,0,0,0,0,2,4,2,11,0,1,1,0,2,3,2,2,1,1,1,0,0,1,0,0,3,0,2,0,0,1,5,2,1,1,2,0,4,3,1,2,2,1,1,1,5,-1,2,0,3,3,0,2,1,1,1,2,0,1,0,0,0,0,0,1,0,0,0,1,1,1,3,1,3,0,1,0,1,0,1,1,3,0,1,0,0,0,2,1,1,0,2,0,0,0,1,2,0,1,1,0,4,1,0,0,1,2,2,4,1,2,0,2,0,0,0,1,2,2
10037,0,-8,7,13,0,25,11,37,22,7,9,3,11,21,14,8,7,1,2,5,0,4,4,7,63,-43,3,3,3,2,3,6,10,2,5,4,1,0,5,2,36,19,42,17,1,0,4,6,0,-1,1,5,3,2,2,2,1,3,-1,1,3,1,0,2,1,0,1,0,1,4,-1,4,1,0,-1,0,0,1,1,1,1,0,2,0,2,1,0,0,-11,-1,0,1,-1,1,1,1,0,2,-2,-1,1,1,0,0,2,0,1,0,2,0,0,0,0,2,0,0,5,0,0,0,0,0,1,0,1,0,1,1,1,0,0,1,1,1,0,2,0,0,0,0,6,1,2,2,0,0,0,1,1,2,1,-1,2,-2,3,0,0,3,1,3,1,0,3,-1,0,0,2,0,0,0,0,0,0,0,0,0,1,1,1,1,2,1,0,0,1
10038,0,17,4,4,0,13,4,8,9,2,14,4,4,1,0,3,2,1,1,4,0,7,1,6,48,-37,5,2,4,0,4,3,4,3,1,3,1,1,0,0,-1,1,0,3,1,1,1,0,0,1,0,4,1,2,1,0,2,0,2,0,0,2,0,0,0,1,1,0,2,2,0,0,0,1,-1,0,1,0,1,0,1,0,1,1,1,0,0,-1,-3,0,0,1,-1,2,1,1,0,2,1,-1,0,1,1,-2,0,1,0,0,2,3,0,1,-2,2,0,0,3,1,2,0,0,0,0,0,2,1,2,1,-1,2,0,1,3,1,-1,1,1,0,0,2,1,0,0,1,0,0,0,2,5,1,0,5,2,2,1,1,1,1,0,2,1,0,1,1,0,0,0,-1,1,-1,0,1,0,2,2,0,3,0,4,2,1,2,0,0,1
10039,0,25,6,8,0,23,9,27,19,10,23,2,9,21,12,9,4,5,5,6,2,13,19,10,81,-67,10,2,8,6,5,6,4,1,3,7,4,1,3,1,2,-1,-1,7,5,3,5,7,2,-1,3,3,2,0,0,6,2,2,3,1,-2,1,3,4,1,1,0,1,0,1,0,1,0,0,1,0,3,2,1,1,1,0,0,1,2,1,1,2,2,0,0,0,3,1,1,0,0,2,0,4,1,4,2,1,2,0,3,2,1,4,1,2,1,2,0,2,1,0,1,2,2,0,1,0,2,2,2,0,4,1,0,3,0,2,3,3,1,0,1,2,0,3,2,1,4,0,0,1,1,0,0,2,0,0,0,0,0,0,0,0,0,0,0,0,0,0,1,0,1,1,0,0,0,1,2,0,1,1,2,2,2,1,0,0,1
10040,0,48,22,16,0,35,24,46,35,3,61,14,20,23,21,17,8,13,7,23,5,24,27,18,131,-101,13,12,20,8,16,14,19,15,11,31,41,33,7,4,7,6,5,20,16,6,3,3,3,2,0,5,3,1,3,2,2,2,5,5,2,1,7,1,1,6,0,3,0,4,4,2,6,4,1,2,4,1,2,0,1,1,2,2,1,3,1,2,0,5,1,6,2,3,0,1,5,1,3,2,1,1,4,3,2,1,3,2,0,4,0,4,1,1,1,2,5,5,2,2,1,3,2,2,1,2,7,4,3,1,2,2,5,1,2,1,0,5,5,1,0,1,1,2,1,5,4,3,3,2,0,1,6,-1,0,1,6,1,1,2,2,3,0,2,3,1,0,3,1,2,3,0,1,1,1,0,2,3,4,5,2,2,4,3,3
10044,0,10,4,1,0,4,3,10,1,2,6,2,3,5,3,1,6,8,4,2,1,8,7,4,30,-21,4,1,7,5,0,5,8,0,4,2,1,2,4,1,0,6,3,5,3,2,6,5,1,0,0,0,1,0,0,2,0,1,0,0,1,0,0,1,0,1,0,0,0,0,0,1,0,2,0,0,0,1,1,0,0,0,0,0,1,0,1,0,0,0,0,1,0,0,0,0,0,1,0,1,0,0,0,0,0,1,1,1,0,0,0,1,1,2,0,0,0,0,0,0,1,0,2,0,1,0,0,0,0,0,0,0,0,0,0,2,0,0,0,0,0,0,0,2,0,0,0,0,0,0,0,0,0,0,0,0,0,0,0,2,0,0,0,0,0,1,0,0,0,1,0,0,0,0,0,0,0,1,0,0,0,0,1,0,0
10065,0,37,8,5,0,11,5,10,10,0,9,2,6,6,3,5,5,1,0,8,0,7,5,3,61,-55,4,2,1,1,4,2,3,-1,3,2,1,5,2,0,1,0,2,6,4,1,0,0,2,1,2,-1,3,0,0,0,1,0,2,0,0,0,1,0,0,2,1,0,2,0,1,0,1,0,0,0,1,0,0,0,2,0,0,1,0,0,-1,1,1,-1,1,2,-1,2,0,0,0,-2,-2,-1,0,0,0,0,0,-1,0,1,1,1,1,2,0,1,0,1,0,0,0,0,1,0,0,1,5,1,0,2,-1,1,0,0,1,0,0,0,0,0,0,2,1,1,1,0,2,0,0,1,0,0,0,1,1,1,1,1,0,1,1,1,0,1,1,1,2,2,2,2,0,1,3,1,1,1,2,0,1,3,0,2,2,0,1,-1,1
10069,0,5,0,0,0,3,0,1,1,0,1,0,2,1,2,2,1,1,0,1,0,1,0,0,10,-10,0,0,0,0,0,0,0,0,0,0,0,2,0,1,0,1,0,0,0,1,1,0,0,1,1,0,0,0,0,0,0,0,0,0,0,0,0,0,0,0,0,0,0,0,0,0,0,0,0,0,1,0,0,2,1,0,0,0,0,0,1,0,0,0,0,1,0,1,0,0,0,1,0,0,0,0,0,0,0,0,0,1,0,0,0,0,0,0,0,1,0,1,0,0,0,0,0,0,0,0,1,0,0,1,0,1,0,0,0,0,0,0,1,0,0,0,0,0,0,0,1,1,0,1,0,0,0,0,0,0,1,0,0,0,0,0,0,0,0,1,0,0,0,0,0,0,0,0,0,0,0,0,1,0,0,0,1,0,1
10075,0,28,7,9,0,22,6,9,11,5,5,3,9,13,7,5,1,2,3,4,5,7,3,4,97,-90,-1,0,3,2,-2,5,0,0,2,2,0,1,1,0,0,0,2,7,4,-1,2,0,0,4,2,4,8,16,6,11,3,1,0,1,0,0,3,1,3,0,0,0,-1,0,3,8,5,1,3,0,1,0,1,2,1,1,0,0,0,1,-1,-2,-5,-5,-1,2,0,2,1,1,-1,-3,-1,0,0,0,0,-4,0,0,0,1,-1,-1,2,0,2,1,-1,0,-2,-1,0,1,0,1,0,3,1,1,-1,0,1,0,0,0,0,0,1,1,0,0,0,0,2,3,0,0,-2,1,0,0,0,0,0,0,1,1,1,2,0,1,1,3,0,1,2,0,0,1,0,0,0,2,1,0,2,0,4,0,0,0,1,2,1,0,1,3,3
10128,0,55,8,6,0,25,11,35,22,10,12,7,21,29,7,9,7,13,2,10,1,11,12,4,120,-113,10,0,1,1,3,2,2,3,7,2,2,2,8,4,4,6,2,3,3,0,2,2,1,0,2,3,1,1,2,1,3,2,3,2,1,0,1,0,1,2,0,0,2,1,0,1,2,0,-1,2,0,0,3,0,1,1,2,1,1,2,2,2,4,0,2,0,0,4,0,2,0,1,0,3,0,0,0,4,2,2,2,0,3,3,1,2,0,0,0,1,2,2,2,2,1,2,0,2,0,0,1,2,0,0,0,3,2,1,1,-1,0,0,0,2,1,0,0,1,0,0,0,2,1,0,2,3,0,2,2,2,0,0,0,1,0,1,3,2,5,0,0,0,1,2,2,0,0,2,1,1,0,1,1,0,1,2,1,2,4
10280,0,2,0,1,0,3,0,2,2,0,0,1,2,1,1,0,0,0,0,1,0,0,2,0,6,-6,0,0,0,1,1,1,0,0,0,0,0,1,2,0,0,0,0,0,2,0,0,0,0,0,1,2,0,1,0,1,2,0,0,0,0,0,0,0,1,0,1,0,0,0,1,0,0,0,1,0,0,0,0,1,1,0,0,0,1,0,0,0,3,0,1,0,0,0,0,0,0,0,0,0,0,0,0,-1,0,0,1,0,0,1,0,0,0,0,0,0,0,0,0,0,0,0,0,0,0,0,0,0,0,0,0,0,2,0,0,0,0,0,0,0,0,0,0,0,0,0,0,0,0,0,0,0,0,0,0,0,0,0,0,0,0,0,0,0,0,0,0,1,0,0,0,0,0,0,0,1,0,0,0,0,0,0,1,0,0
10282,0,7,2,2,0,4,0,1,4,0,3,4,2,1,1,1,3,0,0,2,0,1,0,3,39,-39,2,0,0,0,0,0,0,0,0,0,0,0,0,0,0,0,0,0,4,0,0,0,0,0,0,0,1,0,0,1,0,0,0,0,0,0,0,0,0,0,0,1,0,0,0,0,-1,0,0,0,0,0,1,0,0,0,1,0,0,0,0,0,1,0,0,0,1,0,1,0,0,0,1,1,0,0,0,0,0,1,0,0,1,0,0,0,0,1,0,0,0,0,0,0,0,0,0,0,3,1,0,0,0,0,0,0,0,0,0,0,0,0,0,0,0,0,0,0,1,0,0,0,0,0,0,0,0,0,1,0,0,0,0,0,0,0,0,0,0,0,0,-1,0,0,0,0,0,1,0,0,1,0,0,0,0,0,0,0,0
10301,0,60,18,25,0,46,33,100,67,14,55,34,33,18,38,23,22,45,16,26,6,25,35,19,150,-128,8,9,12,6,11,7,8,4,13,10,4,12,8,6,2,2,0,3,11,3,2,1,1,5,9,7,8,14,1,2,8,1,9,4,0,0,1,1,4,4,0,0,2,3,3,2,2,1,16,2,4,1,4,2,3,0,1,1,2,4,1,2,0,3,2,7,2,2,0,1,-1,2,1,0,3,3,0,0,0,3,2,2,3,2,0,4,0,1,0,1,1,0,2,1,2,2,1,-1,2,3,1,1,1,3,2,2,2,1,1,5,0,0,0,3,0,4,1,0,0,0,5,2,2,3,0,3,4,5,0,3,2,6,2,0,1,2,0,1,0,1,0,1,1,2,1,1,2,0,2,0,1,7,7,1,6,2,3,3,1
10302,0,33,9,17,0,36,13,67,32,7,43,9,26,7,20,16,19,13,9,13,15,10,19,7,70,-48,7,4,9,3,6,7,5,3,5,7,2,3,7,5,1,-1,2,5,4,1,1,2,4,0,1,0,1,0,0,3,3,3,4,3,-1,-1,0,0,1,1,0,0,0,0,1,1,0,0,1,1,0,0,1,1,0,0,0,0,1,0,1,2,0,0,2,2,1,0,0,2,0,0,0,0,0,0,1,1,0,0,0,1,0,1,0,0,3,0,0,2,0,2,4,2,0,4,1,2,2,1,4,0,0,0,-1,0,2,1,0,0,1,0,0,1,1,0,0,0,0,1,0,0,1,1,0,0,0,1,0,0,0,0,0,2,0,2,2,0,1,0,1,2,1,1,1,1,0,1,1,1,1,0,0,1,1,0,1,1,1
10303,0,38,15,15,0,55,36,98,49,7,67,20,21,6,22,18,13,27,6,19,2,22,19,19,111,-90,6,6,4,10,5,7,1,2,6,4,3,11,3,2,2,1,8,3,4,3,2,2,1,1,2,1,7,2,4,4,6,2,4,2,0,1,5,2,3,5,2,0,2,1,1,2,2,2,2,0,0,0,0,0,13,0,0,3,1,0,2,0,2,1,0,1,1,1,0,0,0,1,1,1,0,1,0,1,2,0,2,0,1,0,1,0,2,1,0,1,0,0,1,0,0,0,2,1,0,6,0,1,-1,0,0,3,1,2,0,4,0,1,0,0,1,-1,1,1,1,0,0,0,2,0,2,1,0,1,2,2,0,0,0,1,0,0,0,0,0,1,0,1,0,0,2,1,0,2,0,0,0,0,0,1,1,1,1,0,0
10304,0,87,21,22,0,63,33,119,68,16,70,17,29,17,60,32,30,28,13,21,11,34,21,19,228,-195,8,13,12,14,15,13,5,15,11,15,4,3,12,4,1,1,5,4,7,5,2,2,3,5,5,1,1,3,3,8,0,11,3,2,-2,4,1,0,2,3,1,2,0,1,5,3,4,3,4,2,0,0,2,1,0,2,1,4,0,1,0,0,4,0,2,3,2,0,-1,1,1,1,1,1,0,0,1,4,1,0,-1,8,2,3,0,2,0,6,0,3,6,1,1,1,2,4,0,1,3,4,3,3,3,3,1,3,4,5,3,1,1,0,5,4,2,2,1,3,3,2,1,1,1,0,2,3,2,2,2,1,2,2,2,3,3,1,4,1,1,4,1,3,2,2,1,1,1,0,2,1,2,3,6,-1,6,1,1,3,3
10305,0,80,22,18,0,71,41,130,76,20,64,24,22,7,48,28,27,27,8,23,7,23,31,20,203,-179,12,11,12,17,17,10,3,3,5,6,4,9,9,6,3,2,4,6,15,2,6,3,5,-1,2,3,7,1,3,3,5,5,2,1,0,1,1,5,3,0,0,1,0,1,1,3,1,5,2,2,1,1,4,5,4,1,0,-1,5,2,2,2,0,3,2,0,2,0,2,2,1,0,3,1,1,0,3,2,2,3,3,2,3,8,0,1,3,1,0,3,1,3,4,2,0,0,1,2,3,1,3,0,2,2,0,1,3,5,4,3,0,1,1,2,1,1,1,0,2,1,0,3,1,1,0,0,1,1,2,-1,3,1,3,3,-1,2,1,5,1,3,1,2,0,4,3,3,0,2,4,7,2,0,3,2,2,3,1,0,2
10306,0,73,14,39,0,75,34,192,83,21,77,31,24,13,47,21,31,34,12,25,12,28,32,16,264,-235,10,9,12,11,7,12,10,4,4,11,4,11,15,6,1,0,5,9,8,0,5,1,4,3,1,4,5,2,2,3,1,0,2,5,0,0,3,3,8,5,2,0,4,0,2,2,0,2,1,1,3,0,1,0,1,0,1,1,2,3,1,3,4,1,1,2,1,3,1,1,0,4,1,1,2,3,1,3,2,2,1,3,2,1,0,2,1,0,0,1,4,6,2,3,0,2,1,1,4,3,2,0,4,1,2,2,2,2,1,6,1,1,1,1,3,1,1,0,2,2,0,1,2,2,0,2,1,2,0,3,1,2,2,6,3,5,6,3,1,3,3,6,1,6,1,1,4,4,1,3,0,11,7,5,2,3,0,1,2
10307,0,26,6,10,0,24,10,43,34,5,21,7,2,2,17,8,5,18,2,4,8,7,5,5,82,-77,1,1,2,0,4,1,1,3,4,1,0,0,1,0,0,1,0,0,1,1,1,-1,2,0,2,2,0,0,0,0,1,1,1,2,0,0,2,1,0,1,0,0,2,0,-1,0,0,0,0,0,0,1,0,0,0,0,0,0,0,0,0,0,2,1,0,3,0,2,0,0,1,0,3,2,2,1,0,3,2,1,-2,1,2,3,1,-2,0,1,0,0,1,0,2,0,1,0,0,0,1,0,2,0,0,1,-1,1,0,0,0,1,0,0,0,0,0,2,0,0,0,0,0,1,0,0,0,0,0,1,1,0,0,0,0,1,3,0,2,1,1,0,0,0,0,1,0,1,1,0,0,1,1,1,1,1,2,1,4,1,3
10308,0,38,13,17,0,34,22,74,36,10,40,11,9,9,19,8,8,10,3,12,3,15,14,8,133,-123,1,2,3,3,3,4,2,0,2,3,2,1,3,4,1,4,1,1,1,1,1,1,1,2,1,0,0,0,0,0,2,1,5,0,1,2,1,1,1,0,0,1,1,0,0,1,0,0,3,1,0,1,0,0,1,0,0,1,0,2,1,0,1,1,-1,2,2,1,0,6,0,2,3,3,3,0,3,1,1,2,1,0,0,2,0,1,3,3,0,1,3,2,0,0,0,0,0,0,1,2,1,0,1,0,2,0,2,1,-1,2,0,1,0,0,0,2,3,0,3,1,2,3,0,0,0,1,1,-1,2,0,4,4,0,1,2,5,1,1,0,1,3,0,0,2,1,0,2,0,4,0,1,6,1,2,4,4,3,2,3
10309,0,45,15,16,0,52,26,92,84,8,53,14,19,23,22,7,12,14,8,8,12,13,25,3,153,-141,4,2,6,6,2,3,3,4,3,3,2,4,1,1,0,1,3,3,4,2,3,0,1,2,1,3,1,0,1,1,1,2,3,1,0,1,3,1,0,3,0,0,3,1,2,0,0,0,-1,0,0,0,1,0,0,0,0,0,1,0,1,1,1,0,1,3,1,1,1,0,2,0,6,2,3,1,2,-1,3,3,-2,2,4,5,0,1,0,-1,3,6,1,3,0,-1,3,1,1,2,0,0,0,1,0,1,1,0,1,2,1,1,0,-1,1,0,2,0,0,0,1,0,2,0,0,0,1,2,2,4,3,0,3,3,2,5,3,3,3,3,1,4,0,0,1,0,0,0,1,1,1,3,0,2,3,5,3,6,3,1,5
10310,0,32,13,19,0,45,11,77,47,14,28,14,16,12,27,12,14,28,14,14,7,16,18,12,93,-80,9,5,14,8,10,5,5,7,8,4,2,6,1,0,1,0,3,3,3,4,3,0,1,0,1,1,2,0,0,3,0,3,2,1,-1,1,0,0,3,0,0,0,0,0,0,0,0,0,0,0,0,0,0,1,1,1,2,0,0,0,1,-1,2,1,1,0,-1,1,0,0,1,0,-1,-2,0,0,3,1,1,0,1,0,-1,0,0,0,1,1,1,2,2,0,3,0,1,0,0,2,1,1,2,1,0,0,1,2,1,0,1,2,0,4,0,0,0,0,1,0,0,0,0,0,6,0,0,4,1,0,3,2,1,0,3,3,1,1,1,3,2,4,2,3,0,1,1,1,4,0,0,3,1,0,6,4,2,1,3,4,2
10312,0,82,24,20,0,96,35,201,124,16,74,24,33,17,36,24,23,39,7,13,10,20,29,18,238,-216,4,8,11,8,11,13,6,5,6,3,3,5,7,9,2,1,4,1,7,2,3,2,4,2,5,3,4,0,1,4,5,2,5,3,0,1,2,3,3,3,0,1,1,2,1,2,1,2,0,1,-1,0,0,0,-1,0,1,0,1,2,2,4,1,7,2,1,8,6,1,0,0,5,5,9,3,2,3,6,6,5,2,0,5,7,0,3,6,7,2,3,5,3,3,4,2,0,1,3,1,4,0,0,4,1,1,3,2,3,2,5,0,0,0,1,0,0,3,2,-1,0,3,2,0,2,6,0,2,4,0,1,4,0,3,8,0,2,5,7,1,5,3,5,1,3,5,4,4,4,3,1,1,5,3,2,5,2,11,2,2
10314,0,167,44,49,0,127,63,271,183,46,167,39,71,38,66,49,48,75,23,52,22,75,42,41,407,-353,20,21,23,35,14,24,20,15,7,12,7,11,11,8,6,2,8,13,8,5,5,5,2,1,4,6,3,5,3,6,11,7,4,8,-1,0,5,5,3,15,7,3,4,5,3,2,2,1,6,2,2,0,2,5,9,6,1,1,2,4,2,4,5,1,2,7,6,3,2,3,1,4,2,5,4,3,3,4,1,1,2,1,3,8,0,5,6,2,1,6,3,6,4,7,2,3,4,2,0,11,6,4,2,1,3,6,3,2,2,5,1,2,4,7,6,0,7,1,1,4,4,1,3,3,1,3,3,5,4,6,2,3,5,13,2,8,7,5,2,5,4,4,3,5,5,5,3,5,8,4,1,3,6,0,7,10,5,5,3
10451,0,-1,34,22,0,84,22,148,63,21,58,34,33,32,45,49,36,42,20,29,17,45,40,35,214,-146,21,10,21,13,13,16,11,11,14,8,4,10,4,6,3,10,4,10,12,12,7,6,7,-3,4,6,2,2,1,5,6,7,6,5,2,-2,6,2,1,3,5,0,3,3,1,3,1,0,1,3,4,0,-2,2,2,1,3,2,1,2,-2,2,-14,-2,3,4,1,10,3,4,2,-3,-1,-1,0,6,2,-1,1,1,1,3,1,4,1,3,2,1,1,1,3,1,4,1,0,3,1,3,6,2,6,6,6,2,0,-1,2,5,1,5,2,1,8,2,1,0,5,2,6,0,1,3,1,-1,0,2,1,6,-1,3,-1,4,2,2,1,3,0,4,1,2,3,0,0,4,4,2,2,5,1,1,3,1,0,0,2,3,3,3,6
10452,0,142,33,42,0,114,37,134,104,13,82,38,50,39,73,63,47,34,31,45,11,76,72,58,267,-174,42,12,32,36,22,40,23,11,14,15,4,13,18,11,9,9,28,27,13,11,20,2,22,-1,17,12,13,3,6,16,10,12,9,3,0,4,2,19,10,14,7,9,3,5,5,7,1,4,5,4,3,3,8,7,4,2,6,6,4,6,1,4,10,3,7,4,12,16,0,4,3,3,5,2,5,3,3,6,4,7,4,2,5,6,0,4,-1,9,3,4,5,1,2,1,3,7,1,2,5,5,7,6,8,3,1,10,13,8,6,2,3,3,5,5,3,5,7,4,3,7,5,2,8,3,2,7,3,6,0,4,2,2,2,8,9,4,4,12,5,5,5,7,0,2,3,3,4,6,12,2,1,0,11,5,6,7,5,2,1
10453,0,141,46,46,0,115,56,151,101,22,82,42,46,27,80,40,51,42,25,48,12,67,58,45,269,-202,38,11,25,42,32,36,18,14,20,16,11,28,30,11,7,15,17,24,8,16,13,7,6,6,11,10,10,8,0,6,6,11,7,5,3,0,3,4,5,8,7,3,3,4,8,3,6,7,1,1,4,3,6,3,8,4,2,6,3,3,4,5,13,6,3,5,10,36,1,2,2,2,7,3,4,3,1,4,7,5,3,2,2,12,1,3,3,6,0,2,3,5,1,9,5,6,2,2,2,4,4,3,7,6,2,7,5,6,9,5,11,2,6,1,3,4,5,3,4,6,1,10,6,5,3,4,0,5,-1,6,1,0,1,6,0,3,2,10,5,1,3,6,1,5,5,1,3,3,0,3,2,2,6,7,1,5,6,8,2
10454,0,71,28,21,0,42,19,100,55,7,33,16,17,33,32,26,31,14,12,16,5,32,30,29,136,-87,19,12,14,12,11,9,6,7,10,8,0,14,8,11,3,8,1,10,6,3,8,3,10,3,3,1,5,2,2,7,4,2,1,1,2,-3,5,0,3,2,1,3,4,2,4,5,-1,2,1,1,1,1,0,1,1,0,1,1,4,1,4,4,4,-1,2,4,4,15,1,2,0,1,2,2,3,1,0,1,3,3,1,2,4,3,0,2,0,8,2,0,1,1,0,3,3,0,0,1,3,2,2,1,1,2,1,3,2,3,2,5,0,1,0,3,3,1,0,1,2,0,0,0,0,1,4,3,2,0,2,1,0,3,1,1,1,0,0,1,0,-1,1,2,2,2,0,0,0,1,0,0,1,1,0,2,1,0,0,0,0
10455,0,57,24,17,0,52,23,108,54,12,39,22,42,26,34,41,32,36,11,25,8,22,29,32,176,-122,17,8,19,21,19,23,8,7,12,10,3,15,5,6,3,3,11,10,8,3,5,6,8,0,9,5,6,1,4,4,6,3,3,4,0,3,4,2,0,4,1,2,0,1,2,1,1,1,-1,1,6,2,1,2,2,0,4,5,2,2,6,1,7,5,1,5,8,11,4,3,0,4,7,4,3,4,1,4,3,1,1,2,3,4,0,1,0,3,0,1,3,2,1,1,4,1,2,6,4,0,3,2,3,1,3,2,4,2,5,6,5,-1,3,2,1,4,2,0,0,2,-1,2,0,3,1,3,6,1,0,1,1,1,0,3,2,-1,4,1,2,0,0,1,0,1,1,3,0,0,3,1,1,1,1,6,2,0,0,3,3
10456,0,145,48,71,0,122,61,146,90,19,73,45,75,45,81,60,30,52,30,48,21,87,71,52,277,-187,32,18,40,37,25,45,27,21,22,16,10,15,15,14,8,10,21,14,13,14,8,12,7,5,8,6,9,2,1,7,12,9,12,11,1,6,7,5,1,6,5,4,2,7,5,10,7,1,8,3,11,1,5,6,3,2,3,8,6,6,6,4,9,2,2,2,7,41,3,3,3,6,4,7,3,3,4,3,7,5,5,3,3,8,2,9,0,4,1,1,7,5,2,4,2,5,1,4,11,8,1,5,4,1,3,7,5,9,2,7,2,1,0,4,3,2,8,1,4,1,2,6,2,0,5,5,1,5,5,6,-3,3,4,7,6,4,4,7,2,3,4,0,2,0,1,2,4,3,5,4,2,0,4,1,8,-2,3,5,3
10457,0,121,56,50,0,111,35,141,70,17,62,35,65,23,81,36,41,36,29,47,19,60,44,39,249,-176,33,24,22,38,28,27,23,13,14,11,5,28,18,10,5,9,8,8,12,3,16,5,1,0,3,4,21,10,3,4,26,10,4,6,4,6,2,5,4,5,7,0,5,12,3,4,6,4,5,2,5,2,3,2,4,5,7,4,3,4,2,8,-2,5,5,4,8,56,2,3,2,5,5,5,1,5,13,10,11,3,11,4,6,22,4,5,7,12,-1,3,5,7,9,4,6,2,3,2,1,6,5,-1,9,0,3,2,5,2,2,3,2,2,0,5,4,3,4,2,3,2,0,9,7,4,1,0,2,3,1,4,3,2,1,2,3,7,3,6,-1,0,2,4,0,2,-1,0,5,5,3,0,2,0,0,3,5,-1,1,2,3
10458,0,121,42,46,0,90,45,131,81,14,66,46,46,23,86,35,28,37,33,40,17,51,58,36,264,-194,19,18,33,26,25,29,21,14,21,20,3,13,18,12,4,7,17,13,14,9,12,6,8,1,5,11,4,3,2,8,9,7,11,7,4,-1,6,9,3,7,3,6,2,5,6,6,5,1,4,2,7,3,1,2,4,1,2,1,5,3,5,2,12,5,5,2,6,51,3,1,3,6,6,7,1,5,3,4,3,5,5,1,1,9,4,6,3,15,1,6,5,4,4,3,3,1,5,7,10,8,9,2,4,1,1,9,15,5,6,9,0,2,2,4,6,1,4,4,0,2,9,7,-1,1,4,1,0,4,0,-1,3,0,2,3,1,4,2,0,1,0,7,5,6,7,4,2,6,5,5,2,1,4,5,5,2,4,4,4,1
10459,0,82,31,23,0,77,42,122,73,16,53,16,46,16,45,37,28,22,23,17,6,36,45,52,197,-156,21,9,24,20,10,19,14,22,12,8,4,21,9,2,1,5,6,9,15,5,5,3,4,1,2,6,2,0,2,3,6,6,5,6,1,2,7,2,0,3,4,3,2,2,1,3,0,2,0,3,3,3,0,2,1,1,3,3,0,3,3,1,11,3,1,5,5,17,0,4,2,2,5,3,2,1,0,7,1,3,5,0,4,9,0,3,1,2,0,0,4,2,0,1,2,1,2,5,4,4,2,2,0,3,0,2,3,2,1,4,0,0,0,2,1,1,3,6,1,0,3,1,1,3,5,1,3,3,1,3,1,1,1,2,7,6,3,0,3,5,2,3,0,3,4,0,2,3,0,3,2,0,2,3,3,1,2,2,0
10460,0,89,27,26,0,70,33,149,62,14,46,30,46,28,75,39,29,23,24,32,9,49,37,39,187,-140,26,14,14,19,15,27,14,18,18,13,7,7,8,11,6,11,14,11,12,7,5,4,4,2,5,2,6,2,4,8,7,5,8,2,-1,0,3,2,2,5,9,2,3,5,2,2,4,3,3,2,3,3,3,3,5,7,1,2,3,4,2,0,8,1,2,3,2,24,4,1,4,6,3,7,4,2,-1,2,1,3,2,5,2,7,1,3,-1,7,1,4,1,2,2,3,2,3,0,6,4,5,9,1,3,2,1,6,10,5,4,4,2,0,4,1,1,1,1,0,6,2,2,2,1,1,1,5,2,3,3,0,2,1,2,1,0,1,3,3,1,1,0,5,0,2,1,2,1,2,4,0,1,3,3,4,1,2,1,0,3
10461,0,68,52,40,0,117,34,150,114,14,53,19,46,24,66,36,29,28,22,40,14,54,55,31,298,-244,26,18,25,22,26,22,15,18,11,13,3,4,12,7,2,11,7,11,8,7,12,3,7,-2,3,3,4,0,2,2,8,6,2,1,2,2,-2,4,0,2,4,3,8,7,2,5,1,0,3,1,1,3,2,4,3,0,0,1,2,2,-2,-1,-10,-8,3,4,2,16,0,0,-3,1,0,0,2,3,-1,-2,2,-2,1,1,1,5,1,2,3,2,1,1,3,4,3,-1,0,3,0,2,1,2,1,0,2,0,2,2,1,2,1,0,1,2,1,1,1,-1,3,1,2,3,0,3,0,3,3,8,1,4,0,4,2,2,1,6,3,2,1,1,2,1,1,1,1,3,1,3,2,1,3,0,2,1,3,4,0,8,5,3,2
10462,0,167,53,35,0,133,42,180,127,19,68,22,61,24,89,53,46,33,35,47,20,63,60,24,322,-265,23,12,33,29,30,22,19,7,6,20,6,23,22,11,4,10,10,10,17,6,10,8,6,4,3,6,3,3,2,4,12,6,4,5,3,0,12,3,6,3,4,2,3,6,2,4,1,1,2,2,2,3,2,3,4,1,1,4,3,1,3,1,8,1,3,1,5,16,2,3,0,4,6,1,3,0,1,2,1,3,3,2,7,6,1,1,1,4,3,3,3,3,1,3,2,0,2,7,4,2,5,0,5,2,4,2,4,5,5,8,5,6,9,2,4,3,8,4,4,1,1,3,4,3,0,8,4,0,2,1,2,2,2,6,0,6,5,2,3,3,4,4,-1,6,3,2,4,6,2,4,2,5,9,1,1,4,5,3,3
10463,0,74,40,35,0,84,50,145,88,46,70,41,38,57,42,39,33,33,46,47,1,74,52,43,215,-168,16,1,28,28,33,10,33,18,17,35,0,24,10,9,11,7,5,9,22,10,9,7,5,3,8,3,5,39,6,1,5,9,35,24,9,1,5,9,14,4,5,1,5,4,4,6,2,5,-1,14,4,2,2,5,2,1,1,0,3,4,4,1,6,2,5,3,5,21,2,4,3,5,2,3,1,2,2,3,3,5,0,2,6,4,2,3,4,7,2,1,3,1,1,2,2,3,2,0,2,3,6,2,0,1,4,1,7,7,4,3,4,2,1,1,3,3,3,5,5,4,0,1,3,1,5,2,2,4,2,5,5,0,1,8,2,3,3,2,6,4,1,2,2,1,2,1,3,4,7,3,5,0,7,2,3,2,6,1,0
10464,0,5,0,5,0,8,3,17,8,0,4,1,3,1,13,1,0,1,1,7,2,4,1,2,24,-23,1,0,-1,0,1,0,1,-1,0,0,0,0,1,0,0,0,0,0,1,1,0,0,0,0,0,0,0,0,0,0,0,0,1,0,0,0,0,0,0,0,0,0,0,1,0,0,0,0,0,0,0,0,1,0,0,0,0,1,1,0,0,0,1,1,1,0,2,1,0,0,1,0,0,0,0,0,0,0,0,0,0,0,0,0,0,0,0,0,0,0,1,1,0,1,0,0,0,0,0,0,0,0,1,1,0,0,0,1,0,0,0,0,0,0,0,0,0,0,0,0,0,0,0,0,0,0,0,0,0,0,0,0,0,1,0,0,0,0,0,0,0,0,0,0,1,0,0,0,0,0,0,0,0,0,0,1,0,0,1
10465,0,122,37,35,0,91,34,117,101,12,49,17,45,14,61,25,20,31,12,38,18,36,41,21,249,-214,14,6,8,9,10,18,15,6,10,11,4,8,5,11,5,4,3,2,7,2,4,1,2,2,4,2,2,0,0,1,3,3,6,1,0,1,1,0,5,1,1,2,1,2,3,2,2,2,1,7,2,1,0,1,1,1,2,1,3,2,1,2,3,1,2,2,4,10,2,1,3,2,1,2,2,1,2,0,0,3,-2,1,2,1,0,-1,-3,4,1,0,3,0,0,4,1,3,0,2,1,1,1,3,1,0,0,0,0,3,1,1,1,2,2,1,2,0,0,1,1,1,0,6,-1,1,2,2,1,2,3,3,2,3,0,1,2,3,1,2,1,1,1,1,1,0,1,0,1,2,1,3,0,0,5,3,4,0,2,4,6
10466,0,148,38,40,0,149,55,178,145,32,112,28,74,32,89,68,56,44,15,62,9,71,68,44,274,-212,12,19,13,19,19,24,8,13,13,9,3,17,10,11,3,13,5,18,8,12,8,4,7,6,11,9,23,5,4,10,11,12,9,11,6,2,1,2,5,5,1,7,4,2,5,2,5,4,2,1,4,2,7,5,1,1,3,3,4,3,8,0,2,2,5,4,8,17,2,2,3,2,0,3,5,3,3,0,4,1,5,1,0,4,1,4,1,1,0,3,3,1,1,4,2,2,0,4,1,7,5,2,0,3,2,4,3,4,2,4,5,2,1,4,2,3,4,3,1,1,-1,2,3,1,4,0,1,1,2,2,2,4,1,6,1,0,2,6,4,-3,1,0,1,2,4,1,2,0,2,0,3,4,0,3,2,0,2,0,7
10467,0,198,53,52,0,201,67,233,184,27,116,49,100,54,115,67,50,41,45,82,20,94,65,43,466,-371,34,25,48,36,33,41,25,21,20,20,5,21,21,19,3,24,16,17,16,9,29,7,13,1,9,5,15,3,7,6,17,11,18,15,4,7,14,10,11,18,9,7,4,7,5,9,14,7,3,6,5,3,3,4,16,5,4,5,2,8,4,3,7,6,15,2,13,30,2,4,-1,11,3,5,3,5,2,9,11,4,4,0,9,5,-1,7,5,25,-1,5,10,8,6,3,-1,3,0,12,9,6,15,5,10,2,4,3,4,4,7,5,2,4,1,2,2,1,4,1,5,6,2,4,1,3,4,3,7,3,2,1,5,6,2,6,1,3,5,5,2,2,4,7,0,4,8,2,3,1,4,2,1,4,4,7,10,4,4,3,4
10468,0,132,56,40,0,140,45,185,101,30,98,56,63,38,61,59,50,40,28,47,22,62,60,50,280,-210,39,11,44,41,30,25,17,16,20,29,7,31,12,24,0,8,18,162,70,4,16,12,6,3,17,9,16,22,3,9,7,10,6,11,7,6,14,12,7,4,5,3,4,4,5,1,5,5,6,7,9,5,1,7,6,5,1,7,2,6,4,2,10,5,3,5,5,43,1,3,3,5,1,8,4,6,3,2,3,4,0,2,3,4,5,5,4,10,2,4,5,6,5,4,2,4,2,9,6,4,13,-2,6,5,7,4,6,4,5,4,9,2,7,5,3,3,2,0,4,-3,1,7,5,8,3,1,4,7,1,2,4,3,0,4,1,3,6,4,3,3,4,3,2,4,2,3,2,2,8,5,8,3,11,9,4,2,4,5,4
10469,0,213,72,40,0,130,63,220,173,36,97,63,93,54,113,74,69,62,29,60,17,65,59,45,387,-310,12,49,38,33,29,25,8,12,14,16,7,17,32,62,21,5,6,19,14,8,8,4,3,2,13,9,9,6,4,18,13,20,12,10,3,0,3,18,1,3,5,6,2,3,5,11,12,3,8,2,5,3,2,3,4,3,7,4,7,4,1,2,5,5,5,-1,8,29,1,5,2,3,1,4,3,1,0,1,1,0,2,5,0,2,0,1,0,6,-1,2,3,1,3,5,-1,1,2,7,1,3,2,1,3,1,3,6,3,6,0,3,1,0,9,3,3,1,4,2,-1,2,1,4,0,2,1,1,4,1,0,3,3,0,2,2,2,1,0,3,0,1,1,3,3,1,2,0,-2,3,2,1,2,0,3,4,4,2,3,3,6
10470,0,25,3,10,0,35,11,38,28,5,20,8,13,5,15,6,12,4,8,7,3,13,13,6,46,-42,1,2,5,4,1,4,5,1,7,0,0,4,3,2,5,1,2,3,1,4,3,1,0,1,2,0,0,0,0,2,0,2,2,0,0,0,2,2,1,0,2,0,1,1,1,0,0,1,1,0,0,1,0,0,0,1,1,0,0,2,0,1,0,0,1,2,1,3,1,0,1,0,1,0,0,0,0,0,0,0,0,0,2,1,0,0,1,3,1,0,1,0,0,-1,0,0,1,0,2,1,1,-1,1,0,0,0,0,1,0,1,1,1,1,0,1,2,0,0,1,0,0,0,0,2,2,0,1,0,0,1,2,1,0,0,0,0,0,2,0,3,0,1,0,0,2,-1,-1,0,0,-1,0,0,1,0,1,0,2,-1,2
10471,0,26,6,13,0,34,18,44,33,5,19,8,9,7,25,13,18,6,5,21,1,25,16,10,74,-62,12,6,7,4,6,13,4,5,6,2,0,3,9,0,1,5,53,84,57,1,4,1,0,5,4,0,2,0,0,2,0,1,2,1,2,-1,1,1,0,1,10,0,0,2,0,2,2,2,5,0,0,1,2,1,1,0,0,1,1,2,0,1,3,0,0,0,1,4,0,3,0,0,2,0,0,1,0,0,4,1,2,0,0,1,0,2,2,1,0,0,0,1,0,0,1,0,1,0,0,1,0,2,0,0,1,3,3,0,1,1,0,0,0,2,1,0,1,0,0,-1,1,0,2,0,0,3,1,0,3,0,0,2,1,2,0,1,1,1,0,2,0,2,0,1,1,1,0,0,1,0,1,0,0,1,0,0,1,1,0
10472,0,115,31,21,0,113,38,140,76,18,64,32,64,21,75,43,37,49,18,30,10,42,81,42,223,-149,26,19,15,22,27,26,11,12,15,19,2,19,14,8,8,6,13,7,16,5,14,8,5,3,8,7,2,9,1,5,8,12,6,5,4,5,9,2,3,0,5,7,4,5,8,3,4,6,1,2,7,3,0,2,4,2,3,9,4,3,4,5,5,2,0,6,6,33,0,3,2,4,6,0,3,2,5,1,4,1,4,5,8,10,1,0,1,2,0,1,4,0,4,2,1,0,2,6,4,3,3,3,3,4,0,3,2,4,5,4,0,2,0,6,1,0,5,0,2,0,2,2,2,3,2,3,0,6,0,3,0,1,0,3,4,1,9,0,5,2,1,2,2,1,3,1,1,5,2,4,0,5,3,2,1,3,2,2,4
10473,0,133,35,46,0,120,55,165,105,23,67,32,58,27,65,29,50,17,9,31,15,56,31,25,259,-205,18,15,22,30,17,29,12,14,15,16,5,10,12,8,5,12,1,7,12,2,4,3,3,4,7,7,7,4,4,6,9,9,11,12,-1,3,2,2,2,4,3,4,2,5,3,2,5,2,1,3,6,0,2,3,1,0,2,7,3,5,5,1,7,4,3,3,2,14,2,2,0,3,2,3,1,2,2,3,5,5,2,2,3,7,2,5,6,5,2,1,3,3,1,2,6,2,2,5,4,5,4,-2,5,1,2,9,5,0,3,4,0,4,6,4,3,2,1,0,1,1,2,3,1,2,4,1,1,3,2,1,2,0,0,1,1,1,2,1,4,3,3,4,0,5,2,0,3,0,4,2,1,2,4,2,2,7,0,2,0
10474,0,16,6,6,0,14,9,32,20,1,11,5,7,5,11,12,6,7,4,3,1,4,11,10,47,-36,4,1,3,2,6,-1,3,1,3,4,0,3,0,3,2,1,1,2,3,2,4,0,1,0,0,0,0,0,0,0,1,2,1,1,-1,-1,0,1,1,3,0,0,0,1,1,0,0,0,0,0,0,1,0,0,0,0,2,0,0,2,2,0,3,0,0,0,2,0,0,0,0,0,0,1,0,1,0,1,0,2,1,0,0,2,0,1,0,1,-1,0,0,0,2,0,0,0,0,0,1,0,0,1,0,0,0,0,1,0,2,0,0,0,0,0,0,0,1,0,0,1,0,1,0,0,0,0,1,-1,0,0,0,0,0,0,-4,0,1,1,-5,0,-1,0,0,0,0,0,0,-1,-1,0,0,0,0,0,-1,-1,0,0,2
10475,0,105,34,30,0,96,41,146,106,25,74,35,74,21,90,37,26,30,24,36,11,42,40,27,263,-223,10,8,20,15,10,9,13,15,8,7,2,17,13,8,4,5,11,1,1,4,4,0,5,9,5,3,6,0,1,2,6,3,7,2,1,2,6,3,1,4,0,2,1,4,4,2,1,3,5,1,3,4,0,1,2,3,2,1,0,4,2,1,1,4,3,4,7,20,0,2,1,2,1,2,3,1,0,5,2,1,2,1,0,4,0,2,0,3,0,1,5,2,1,3,1,0,1,2,3,2,3,0,1,0,2,2,6,2,0,2,3,2,2,1,1,0,1,0,0,1,1,1,0,0,0,2,1,1,1,0,4,1,3,0,0,2,6,3,1,0,0,3,3,3,1,1,5,1,2,2,2,2,2,2,1,1,0,0,1
11004,0,52,21,6,0,39,11,28,22,10,14,6,18,5,11,13,8,12,6,12,2,17,15,5,82,-68,4,2,5,10,7,8,3,8,5,2,0,4,2,3,3,1,0,0,5,3,-2,1,2,5,4,4,6,3,2,0,0,0,0,4,2,0,0,0,2,3,3,1,2,4,4,1,1,1,0,3,2,0,0,2,2,2,6,1,0,1,1,11,-8,-4,0,1,6,-1,0,0,-2,-3,-1,-1,0,-1,-1,-1,1,0,1,0,1,-2,0,0,0,1,0,0,1,1,0,1,0,1,0,0,0,2,5,0,0,2,2,1,0,-1,3,1,1,0,0,0,0,0,-1,0,0,0,0,0,0,0,0,0,1,2,1,0,0,0,2,1,1,1,3,0,0,0,1,3,1,0,3,1,1,0,1,-1,2,-1,1,0,1,-1,1,-1,1
11101,0,53,13,18,0,26,7,33,17,7,22,7,13,10,14,10,8,17,6,11,4,16,15,5,82,-69,9,7,11,4,7,5,3,3,6,3,2,2,4,3,2,9,1,1,9,3,3,2,4,3,3,0,2,3,0,1,3,1,2,4,0,0,5,1,1,1,0,2,2,1,2,3,0,1,2,1,1,0,1,0,2,0,3,1,1,2,1,0,2,2,4,2,2,1,2,2,1,-1,2,0,0,4,1,2,2,0,2,1,0,4,0,-1,3,4,1,0,7,2,3,0,0,2,0,2,1,1,1,0,0,0,2,0,3,0,3,3,1,1,1,0,1,3,2,0,1,1,3,2,3,3,1,0,1,0,1,1,5,0,1,0,1,0,3,1,0,1,2,0,1,2,2,1,2,3,1,3,0,1,2,2,4,3,1,0,1
11102,0,48,13,20,0,28,21,21,16,7,27,7,13,10,9,7,8,19,8,18,4,27,24,10,70,-62,5,9,11,7,4,6,5,3,6,5,1,5,2,2,3,2,1,8,5,0,3,0,5,-1,5,3,0,3,0,2,4,0,5,1,2,0,5,1,1,1,1,2,1,2,1,4,3,1,0,4,2,2,0,0,2,1,1,3,2,2,0,2,-1,1,1,2,3,1,0,1,0,1,1,3,1,2,2,1,2,2,-1,0,0,3,0,3,3,1,1,2,3,1,1,3,2,1,0,0,1,2,1,1,1,1,2,6,2,2,1,2,0,-1,0,1,2,0,-1,2,2,2,0,0,3,0,0,1,0,0,0,0,4,3,0,3,1,2,0,1,0,2,3,2,0,1,1,0,1,3,2,2,3,1,5,0,14,2,-1,4,3
11103,0,36,12,16,0,22,22,31,21,9,23,9,8,8,12,10,10,9,5,10,2,10,14,11,62,-55,7,6,5,7,10,2,6,1,5,1,2,6,3,4,5,3,7,10,4,2,6,0,5,0,3,0,4,2,0,5,11,3,3,3,0,-1,5,3,0,5,0,1,0,1,2,1,0,1,2,1,1,3,1,0,0,2,1,1,0,2,0,1,2,1,1,0,2,1,1,1,0,1,1,3,0,0,0,0,0,0,0,1,1,2,3,1,0,2,1,1,4,1,0,2,1,1,1,2,0,1,0,0,2,1,5,1,3,1,1,4,0,2,2,2,1,0,4,0,1,1,0,1,1,0,2,0,0,3,1,1,1,6,2,3,2,4,5,1,2,3,0,1,1,0,2,1,1,1,1,3,1,1,2,2,3,1,5,2,1
11104,0,51,16,8,0,18,8,33,24,9,12,7,8,6,9,13,5,4,5,9,3,12,13,11,63,-52,6,4,7,4,8,2,6,1,9,7,1,3,5,4,2,0,-1,3,6,3,4,1,0,1,3,3,1,6,1,3,3,1,1,-1,1,-1,2,0,0,1,1,2,0,1,1,1,0,0,0,2,3,1,0,0,3,1,1,0,1,1,0,1,1,0,1,0,1,3,0,0,2,0,0,0,0,2,0,1,0,0,0,1,2,5,1,2,-2,3,0,0,1,0,0,4,1,0,1,0,0,1,0,2,1,3,0,2,1,2,1,0,0,1,2,1,0,1,0,0,0,0,0,2,1,0,0,1,1,0,2,2,1,1,0,1,0,0,0,0,0,1,1,0,2,0,1,0,1,1,0,0,1,0,0,0,2,2,0,0,0
11105,0,32,21,9,0,20,8,32,22,6,25,8,13,9,11,3,9,12,4,9,3,10,15,10,66,-55,6,2,3,1,6,3,4,2,2,3,5,4,5,1,1,1,-1,5,1,2,3,3,5,0,1,0,1,0,1,1,0,3,0,3,0,0,4,0,0,1,0,1,0,2,0,2,0,0,1,2,4,0,0,1,1,0,0,0,1,0,1,2,-1,0,0,3,0,1,0,0,0,1,1,0,0,0,1,0,2,0,3,0,1,1,0,2,4,3,0,0,2,1,2,0,1,0,0,1,3,0,1,1,1,1,0,1,0,1,0,1,2,1,0,3,0,0,1,4,0,0,2,-1,1,1,0,0,1,4,0,1,3,2,3,1,3,3,3,2,1,0,2,0,0,0,0,0,0,2,1,0,0,1,3,2,2,1,2,1,1
11106,0,38,12,12,0,28,14,45,19,7,23,8,10,6,15,12,13,11,4,10,1,24,17,10,84,-65,11,5,13,4,9,6,2,8,6,3,3,7,0,8,3,1,2,4,4,3,2,2,6,0,2,2,2,0,1,3,4,1,2,1,1,0,4,1,1,3,-1,0,1,1,2,1,3,0,0,1,2,3,2,1,1,0,2,0,2,2,1,4,2,1,3,1,0,1,0,3,3,5,0,1,4,0,0,5,0,2,0,9,1,8,3,0,0,3,6,1,3,4,3,1,0,-1,2,3,3,0,1,-1,3,5,2,3,2,1,2,2,1,1,2,0,1,0,4,0,0,0,-1,0,0,0,1,1,0,2,2,1,0,1,1,4,-1,1,1,1,1,2,3,1,0,5,2,1,2,2,0,0,1,2,0,2,1,0,0,5,3
11109,0,10,1,1,0,4,1,0,5,0,2,0,1,2,0,1,-1,1,0,0,0,0,1,1,12,-11,0,0,1,1,0,0,0,0,0,0,0,1,0,0,0,-1,0,0,0,0,0,0,0,0,0,0,0,0,0,0,0,0,0,1,0,1,0,0,0,0,0,0,0,0,0,0,0,0,1,0,0,0,0,0,0,0,0,1,0,0,0,0,1,0,0,0,1,0,0,0,1,1,0,1,0,1,0,0,0,0,2,0,0,1,1,0,0,0,-1,0,1,0,0,0,1,0,0,0,0,1,0,0,0,0,0,0,0,0,0,0,0,0,0,0,0,1,1,0,0,0,0,0,0,0,0,0,0,0,0,0,0,0,0,0,0,0,0,0,0,1,0,0,0,0,0,0,0,0,0,0,0,1,1,0,0,0,1,0,0
11201,0,32,13,10,0,26,8,28,23,9,20,7,7,15,16,4,16,9,3,10,4,8,12,8,135,-126,8,3,8,7,2,4,6,5,2,10,1,5,34,5,8,5,10,8,7,-2,2,1,-1,3,1,6,2,4,6,5,3,3,1,3,7,2,1,1,1,5,2,1,0,3,4,3,2,2,1,3,2,1,1,2,4,2,2,1,2,1,4,2,4,1,2,2,4,3,2,1,2,2,2,1,0,1,1,5,2,2,2,2,-1,2,1,1,1,2,1,1,2,0,4,1,3,0,1,0,0,2,1,3,0,0,0,0,3,0,5,0,1,1,1,0,1,2,3,2,0,1,3,3,1,4,3,0,0,1,-1,4,-1,0,2,-3,-1,0,1,0,-1,1,1,6,0,1,4,-2,1,0,1,-1,0,1,1,-1,0,3,1,4,1
11203,0,123,33,54,0,89,34,116,89,29,91,33,51,63,47,61,42,31,20,36,13,66,57,39,272,-226,21,15,23,24,27,23,19,13,12,20,6,27,20,9,12,5,10,16,13,8,4,8,0,6,5,5,8,7,3,6,8,16,8,2,5,5,4,12,12,8,5,4,3,7,3,4,4,2,6,2,6,2,5,2,10,6,0,2,3,1,5,7,-9,3,5,4,2,11,1,0,-1,2,4,0,2,1,2,-1,8,3,2,2,1,3,0,2,2,1,-1,3,1,1,2,6,1,3,1,1,2,3,9,0,1,2,6,0,0,0,1,0,1,0,1,1,2,2,0,0,0,2,2,1,4,4,3,2,2,2,1,3,1,2,1,1,2,5,6,0,4,2,3,3,0,1,1,3,2,0,4,2,1,0,3,1,4,9,3,0,0
11204,0,178,34,43,0,119,22,64,40,9,67,24,29,22,55,37,18,30,13,20,12,75,52,23,332,-277,29,4,13,13,24,24,9,14,17,18,13,14,15,16,6,17,20,24,15,12,6,13,9,11,16,12,5,6,6,1,7,8,5,5,1,3,4,4,6,3,3,5,1,3,1,1,2,0,4,2,5,2,4,0,4,0,3,0,0,3,2,0,2,2,3,4,3,7,2,0,2,6,4,0,3,5,2,6,1,4,1,3,1,3,0,3,1,4,0,0,2,2,2,4,3,1,0,5,1,4,8,1,4,4,1,2,7,5,10,10,0,2,4,17,4,4,5,1,-1,1,1,2,5,6,1,6,4,10,6,4,5,1,4,6,6,4,3,2,6,3,10,12,4,5,4,4,10,9,18,14,21,9,5,9,13,13,6,14,14
11205,0,60,12,16,0,47,13,17,13,3,29,4,20,7,14,25,7,6,7,8,4,19,19,6,81,-60,10,5,11,3,8,10,1,6,7,6,-1,12,10,6,1,4,3,10,5,2,1,2,1,2,3,3,1,2,0,5,6,5,3,3,1,1,2,0,1,0,2,1,1,2,2,5,3,0,3,2,1,1,1,2,3,0,0,2,2,2,0,2,4,3,5,2,1,1,2,1,0,0,1,0,3,5,1,1,0,1,1,0,1,0,0,2,-1,1,1,1,0,2,0,2,0,1,1,0,0,2,4,0,0,0,1,3,3,2,1,1,0,0,1,2,1,0,0,1,1,3,1,0,5,1,2,0,3,0,0,0,-2,0,0,3,0,2,0,0,2,3,1,5,4,1,1,0,1,4,2,5,6,4,3,3,2,5,2,4,3
11206,0,82,33,33,0,59,20,92,55,15,39,20,31,29,48,38,24,28,16,22,5,38,43,33,225,-184,28,15,22,18,30,13,7,9,15,14,5,15,17,7,7,14,4,31,21,9,13,7,4,6,9,7,11,9,4,7,16,5,5,5,0,-1,7,4,4,6,1,2,5,1,5,0,2,3,0,2,6,4,4,2,4,1,2,2,4,1,0,2,2,7,3,4,3,8,1,6,3,4,1,2,6,2,2,0,8,4,0,4,2,13,2,3,-1,3,1,2,3,2,3,1,4,5,1,-1,4,4,3,3,0,1,2,2,2,7,5,2,1,3,2,1,2,0,2,1,1,0,2,2,1,2,2,1,1,7,1,4,2,3,-1,3,2,4,2,4,5,2,6,9,1,4,2,6,2,0,7,8,2,-1,6,6,4,7,4,6,4
11207,0,147,45,30,0,104,26,79,73,20,72,28,48,52,58,56,31,32,34,39,21,46,54,51,244,-171,31,15,29,20,21,39,22,17,21,28,9,25,22,13,6,10,18,15,16,14,6,6,6,4,10,8,3,4,7,3,5,9,16,9,5,4,3,1,9,9,3,4,1,3,5,6,11,7,2,7,3,2,5,6,7,2,9,1,4,6,5,4,12,4,8,7,3,9,0,1,3,5,2,4,0,5,6,3,8,2,11,10,3,6,1,6,0,7,0,0,6,6,9,1,6,2,1,1,4,8,7,0,2,4,2,2,2,2,2,2,2,3,0,5,1,0,0,0,1,2,2,2,1,3,0,2,5,5,0,3,3,1,3,9,4,2,3,7,2,0,1,0,2,1,2,0,4,0,4,5,2,3,5,4,2,4,2,4,4
11208,0,170,51,37,0,105,40,88,91,21,76,29,71,44,90,41,48,31,25,55,15,72,56,48,332,-246,33,16,36,28,26,31,17,26,18,29,9,30,26,23,6,6,18,29,37,11,10,3,10,27,16,3,14,7,3,5,11,18,11,4,3,6,6,2,3,10,7,5,3,7,7,3,1,1,3,3,8,6,1,4,7,3,9,0,5,10,11,5,11,7,3,4,5,8,1,2,7,5,9,2,2,2,5,5,5,2,2,3,1,7,1,5,7,6,-1,4,2,2,5,4,4,5,3,2,5,8,11,-1,3,4,4,6,7,3,3,3,3,1,3,3,5,2,4,2,3,2,2,3,4,2,3,3,3,9,6,3,0,4,3,3,0,4,11,8,2,2,3,7,0,3,1,1,1,6,1,1,4,3,2,4,4,5,4,7,3
11209,0,83,29,27,0,71,21,57,33,8,49,24,37,19,48,22,18,17,11,17,5,24,35,19,156,-125,14,6,11,9,12,7,8,4,9,9,3,10,17,10,2,7,1,8,8,4,-12,3,6,4,4,6,2,3,0,1,2,3,13,3,1,0,6,3,2,2,0,4,3,2,2,3,3,1,6,0,2,2,1,1,1,4,2,2,1,4,0,1,5,2,2,1,0,0,1,2,0,3,3,2,4,3,1,3,0,1,4,0,2,0,1,3,0,1,1,0,6,0,1,2,0,1,-1,2,5,1,4,2,5,3,6,13,5,4,4,3,1,5,3,3,1,4,1,-3,-7,4,4,5,1,0,2,4,1,3,2,5,1,3,2,3,0,1,2,3,0,1,0,3,4,1,3,2,2,5,4,3,2,5,7,2,2,5,6,2,4
11210,0,138,30,29,0,80,36,77,45,17,60,21,41,82,39,41,16,24,21,36,11,36,34,20,238,-208,19,10,15,24,17,12,11,8,8,22,7,14,7,6,0,4,6,15,13,8,3,7,5,5,7,2,10,5,1,2,10,8,5,1,3,4,3,9,5,4,4,3,3,5,7,3,4,7,1,4,5,2,1,1,2,1,1,1,4,3,5,1,8,4,2,3,3,6,0,3,2,1,1,3,1,0,0,2,3,5,1,3,1,1,0,5,2,5,0,1,2,4,1,5,0,1,1,0,1,2,5,-1,3,2,2,6,1,0,1,2,1,1,3,11,3,1,4,2,10,1,3,1,3,3,3,4,1,4,2,3,-2,3,5,11,4,8,8,2,3,5,19,11,3,4,5,3,8,9,18,11,18,9,5,12,11,30,6,11,15
11211,0,187,41,30,0,89,26,92,62,10,64,14,32,45,49,21,16,20,11,12,11,42,39,31,318,-279,23,19,23,22,34,30,25,9,21,18,7,15,18,11,8,16,20,26,25,10,10,3,6,4,7,5,2,11,0,5,17,3,12,-1,0,2,7,4,1,7,3,4,4,3,2,4,3,5,7,2,1,1,3,6,8,1,3,1,2,4,0,-1,7,8,1,5,6,13,1,8,3,4,6,5,4,3,3,7,1,5,11,3,3,0,0,6,-3,6,1,0,4,4,7,5,6,1,4,6,2,5,10,3,3,3,1,3,5,1,1,2,0,0,4,3,1,1,6,1,3,2,2,2,2,4,0,2,3,2,3,4,3,1,2,7,9,6,8,5,7,11,7,12,8,3,2,1,11,12,9,5,12,13,10,3,12,17,8,10,13
11212,0,141,39,35,0,115,29,85,66,16,62,21,52,33,42,44,22,30,16,32,10,46,62,41,179,-141,25,16,36,33,26,35,25,7,29,19,9,15,16,10,1,8,9,20,17,15,7,6,4,5,8,4,29,4,23,5,10,2,9,12,0,3,9,4,10,10,3,1,3,8,4,6,2,5,5,2,4,-1,1,0,4,3,3,4,4,5,5,5,8,6,7,3,3,6,0,1,8,6,2,9,3,4,2,4,5,4,5,3,1,3,4,4,1,1,2,3,4,4,4,1,6,0,3,3,1,6,2,2,5,1,4,3,6,-1,2,3,1,0,2,0,1,2,2,2,0,1,2,4,5,0,0,0,0,2,0,0,0,0,1,3,1,2,4,1,1,1,1,-1,1,1,3,1,4,3,3,5,4,3,-2,7,2,2,0,5,1
11213,0,104,22,34,0,61,18,49,44,11,56,18,29,33,33,25,27,14,17,21,4,26,38,21,232,-200,11,6,13,12,12,15,8,7,6,12,0,10,8,4,3,6,1,8,8,8,4,4,4,0,4,3,5,12,10,4,7,10,5,5,2,0,4,3,9,4,2,3,0,3,4,3,4,7,1,0,5,1,3,1,1,1,1,4,2,2,3,3,8,3,0,0,5,2,0,3,6,3,1,5,0,2,5,0,5,4,3,1,1,1,1,2,1,3,1,3,8,2,3,1,0,3,1,1,3,5,0,2,1,1,2,5,4,1,1,2,2,2,1,6,1,0,0,2,1,2,1,0,6,0,1,4,3,2,1,3,3,1,1,8,0,3,1,2,3,9,2,5,6,1,1,1,8,9,7,4,9,4,4,2,6,5,4,5,2
11214,0,96,22,34,0,90,30,93,62,15,67,28,41,30,48,48,35,26,12,22,7,46,36,15,167,-131,14,21,10,23,15,15,18,10,13,16,3,14,8,6,10,9,4,11,15,10,9,9,3,1,7,5,3,3,8,4,-1,6,6,0,3,3,11,5,4,4,5,3,6,4,0,1,0,3,8,3,6,4,3,1,2,4,3,4,0,5,5,3,6,2,0,5,3,0,0,2,4,4,2,0,4,2,3,2,4,4,3,3,0,4,-1,0,7,2,1,1,12,1,1,2,6,0,1,4,0,2,7,1,7,2,1,6,1,6,5,4,5,3,2,5,-2,2,0,3,3,1,0,3,5,3,0,4,1,3,4,4,3,1,2,13,4,4,2,2,0,3,5,12,0,3,3,0,3,0,1,1,2,1,2,4,6,6,5,4,3
11215,0,25,14,22,0,26,11,31,12,2,29,9,14,10,16,14,8,11,5,16,5,10,8,11,65,-52,5,1,14,3,6,0,5,2,3,3,0,4,7,2,3,3,3,11,8,0,4,1,1,-1,1,6,2,1,2,2,1,3,4,3,1,-1,4,1,1,1,1,0,0,1,0,3,1,0,1,1,3,2,1,1,2,1,0,0,1,0,0,1,1,2,0,1,0,1,1,2,0,2,2,2,0,0,0,1,0,1,1,1,0,5,0,1,-1,2,1,1,1,0,2,2,3,0,0,0,0,0,2,3,1,1,1,3,1,0,8,-1,0,0,0,2,1,2,2,1,-1,0,1,3,2,0,1,1,0,0,1,1,1,2,-1,1,1,0,3,1,2,0,1,0,0,0,3,2,1,1,1,0,0,2,0,0,2,3,3,1,0
11216,0,48,12,18,0,38,7,33,23,6,29,8,24,11,20,22,13,10,5,11,8,14,12,9,83,-70,15,3,8,12,8,5,9,1,7,4,3,9,10,6,0,4,6,7,5,2,6,3,2,3,3,0,0,5,0,1,5,2,6,0,1,3,2,3,0,5,4,0,1,1,1,0,2,1,2,3,0,0,2,3,3,1,0,0,1,1,0,4,5,2,3,1,5,3,0,2,1,5,3,3,0,2,7,2,2,0,4,2,2,2,-2,0,1,3,2,1,3,1,1,3,2,1,1,2,0,2,5,0,4,1,1,0,1,2,0,2,0,2,2,0,1,2,0,0,0,3,2,1,2,1,0,0,2,2,-1,0,2,0,3,5,2,1,1,2,3,0,1,0,0,1,0,1,3,0,3,2,1,3,5,1,5,3,3,1,3
11217,0,31,16,19,0,32,11,19,21,2,35,15,13,13,10,14,4,12,1,13,2,8,6,4,76,-61,7,3,3,4,8,5,14,4,6,3,1,3,4,19,5,6,1,7,2,2,33,4,1,5,6,5,1,0,1,1,1,1,0,1,0,1,2,0,0,1,0,1,0,0,3,1,2,1,1,1,2,0,0,1,0,1,1,1,0,0,4,1,5,4,2,-2,2,2,0,1,0,0,1,1,0,0,1,0,0,0,4,2,1,0,0,2,3,3,0,0,1,1,0,4,1,0,0,0,3,2,1,0,2,0,0,0,0,2,1,1,5,1,0,1,0,1,1,2,1,1,-1,1,0,0,2,1,2,-1,2,0,1,0,2,-1,0,-1,0,0,0,1,0,0,0,1,-1,-2,0,0,0,-3,0,1,0,2,2,2,4,1,1
11218,0,149,43,32,0,129,71,82,37,11,72,12,27,28,44,39,19,18,10,19,11,41,23,27,218,-162,20,8,14,11,25,21,15,12,11,17,10,12,11,8,3,9,10,20,14,2,14,9,2,0,5,3,4,5,3,3,4,5,4,8,4,7,14,7,6,4,7,2,3,6,5,4,5,3,7,5,2,3,4,1,10,1,5,3,0,2,1,5,3,2,4,3,3,5,2,2,2,2,1,0,2,0,3,2,6,2,-1,0,1,2,1,2,3,1,3,0,4,1,5,2,0,3,2,3,1,2,3,3,0,2,4,2,3,0,3,3,3,5,0,6,-1,0,3,0,3,2,2,2,0,2,0,3,1,3,1,1,1,-2,4,-3,-8,0,0,4,8,3,2,7,10,1,-3,1,6,2,2,5,5,9,0,7,9,9,15,7,10
11219,0,266,51,48,0,178,103,96,49,2,115,19,27,108,35,46,22,25,12,15,17,82,49,46,439,-391,27,11,33,45,36,26,13,22,33,42,9,38,24,21,11,24,37,58,55,29,12,12,14,16,28,17,11,6,5,8,17,14,6,10,7,4,8,6,3,7,8,4,4,5,10,1,6,3,7,3,4,4,5,1,6,1,6,4,2,2,-1,4,4,6,2,7,8,5,2,2,2,13,2,2,3,1,4,2,2,5,4,2,2,3,2,1,0,5,1,1,1,5,2,1,5,2,4,6,1,4,1,1,0,3,1,6,0,4,3,1,3,4,3,6,2,9,0,3,6,5,7,7,3,4,1,5,7,5,11,3,5,2,2,4,-12,-3,7,2,2,-4,2,-3,-1,6,0,3,17,17,4,19,20,10,16,9,29,14,26,17,17
11220,0,138,38,15,0,101,29,71,39,23,66,24,36,26,35,31,32,29,9,19,13,39,33,26,145,-117,15,9,17,19,15,14,24,10,24,13,12,21,16,8,2,9,1,13,11,6,2,8,7,3,3,8,10,4,1,6,6,13,5,4,4,4,8,5,7,1,5,5,5,5,4,3,6,3,5,5,2,2,4,5,2,1,7,2,2,2,7,3,11,5,5,6,7,5,3,4,3,12,4,11,4,7,4,7,9,2,8,-1,5,6,4,8,1,6,4,3,7,9,4,5,16,4,4,3,3,6,16,4,7,8,2,4,25,2,43,4,2,1,2,1,1,2,6,2,5,3,6,1,2,3,4,5,8,5,1,2,3,1,2,8,0,0,1,2,2,-1,3,3,1,0,-1,1,2,0,2,2,2,2,2,1,2,3,6,11,5
11221,0,75,23,26,0,78,15,61,48,7,48,11,31,15,42,33,15,13,15,16,11,35,42,18,190,-144,19,8,16,12,13,8,11,9,15,13,3,10,10,4,5,8,10,15,10,10,4,21,7,1,4,4,1,3,1,3,6,3,6,4,3,5,7,6,5,4,11,2,2,2,0,5,2,3,1,1,9,3,2,1,8,1,0,4,2,3,4,0,14,3,4,2,3,5,2,4,1,4,1,0,8,2,2,3,3,1,5,3,4,7,1,7,6,5,0,1,5,5,8,-1,8,1,6,6,6,6,5,2,4,4,2,2,5,4,2,9,1,1,4,2,2,0,2,3,-1,0,2,3,1,-1,3,5,2,3,0,3,1,3,4,4,1,0,8,1,0,0,0,2,1,2,0,0,1,0,1,1,2,2,3,4,5,3,1,1,5
11222,0,35,9,8,0,29,4,24,15,5,30,7,9,6,12,5,3,9,4,6,2,12,11,3,74,-66,11,2,5,3,4,1,5,1,0,4,1,4,2,6,1,1,0,5,3,1,3,4,5,1,2,0,0,2,1,0,2,0,4,0,0,1,3,1,0,3,-1,0,3,0,0,1,2,1,1,3,4,0,-1,0,3,0,2,1,2,2,0,0,1,4,1,2,1,1,1,1,0,1,2,1,2,0,1,0,4,3,1,5,1,0,1,0,0,2,0,3,1,2,2,1,5,0,0,1,6,-1,2,-1,5,1,1,0,0,0,2,1,0,1,0,3,0,0,2,1,0,1,0,0,0,1,0,1,1,1,1,1,0,0,0,1,0,2,5,1,1,-1,4,1,0,1,2,0,1,2,0,3,0,1,2,2,3,2,0,2,2
11223,0,128,34,21,0,89,33,101,57,18,58,35,40,39,50,40,20,25,13,24,21,44,39,34,281,-247,15,9,21,16,6,27,11,11,17,17,7,15,18,8,9,12,12,16,16,1,8,2,6,3,10,8,5,4,5,6,5,3,6,1,0,0,9,6,2,5,3,4,4,6,0,2,5,3,0,3,1,2,2,0,3,1,2,0,3,1,4,0,5,2,4,7,1,5,0,2,4,3,6,1,3,1,2,7,7,3,2,3,0,8,1,2,2,5,2,4,2,0,4,2,1,0,1,3,3,3,5,2,3,4,3,5,1,4,4,4,1,0,7,2,2,1,4,1,3,3,0,3,1,1,1,4,6,4,6,8,7,1,2,8,15,10,14,6,5,8,19,112,9,21,19,12,31,42,16,23,11,24,12,22,31,50,40,17,9
11224,0,62,15,25,0,61,18,73,47,9,42,13,30,23,37,34,21,14,16,22,20,33,34,18,136,-96,20,12,10,16,24,15,13,10,10,19,6,11,15,7,5,9,6,10,14,0,9,5,3,1,3,8,3,0,1,4,8,1,3,17,4,0,1,1,2,4,12,8,2,2,1,2,27,16,10,0,3,5,21,5,2,0,2,0,3,3,1,4,5,-1,1,1,1,1,0,1,1,4,2,2,0,0,1,2,1,1,1,1,1,3,0,3,2,0,1,2,1,0,0,1,1,0,0,0,1,1,2,1,0,2,1,3,-1,3,1,2,1,1,2,0,1,1,1,1,1,1,1,5,1,2,2,4,2,12,5,15,3,6,0,3,-1,4,3,0,0,1,1,2,0,3,0,1,2,0,2,1,0,1,2,3,5,3,0,3,4
11225,0,86,23,18,0,56,19,72,32,15,44,22,32,25,26,26,34,17,10,19,7,32,33,21,171,-153,13,5,8,7,9,11,5,4,6,14,2,9,9,9,3,3,7,5,8,1,4,5,5,2,3,1,4,1,2,1,6,3,1,3,0,0,1,3,2,1,0,3,2,4,2,5,6,-1,3,0,2,1,2,2,2,0,0,2,0,0,4,4,5,4,4,1,2,6,0,1,3,4,2,1,2,0,1,1,2,0,1,2,1,1,2,2,2,2,2,1,2,1,-1,1,3,0,1,2,0,2,0,1,2,1,2,4,2,1,4,2,1,0,0,4,1,2,2,0,2,2,0,1,5,2,1,1,0,2,3,0,0,0,2,3,1,3,3,3,1,1,-1,4,3,2,3,1,2,4,1,3,3,2,3,3,3,2,3,2,3
11226,0,141,38,30,0,86,31,114,75,39,97,26,68,59,71,54,33,30,22,55,18,67,63,45,288,-216,42,17,26,23,25,44,15,24,32,10,9,24,21,10,6,11,16,14,33,11,9,12,7,3,10,6,15,6,6,2,19,11,7,2,9,10,7,3,5,4,8,1,2,8,2,6,6,3,5,2,4,2,5,4,6,4,4,5,6,5,5,10,35,13,11,4,8,11,1,4,3,6,3,4,4,2,2,2,5,3,4,3,3,4,0,0,-3,6,1,1,1,3,1,4,7,7,1,7,3,2,4,2,1,0,1,1,8,3,4,1,2,0,3,5,2,3,3,2,2,1,-1,0,4,3,1,3,1,2,1,3,0,1,2,5,5,1,4,2,4,4,2,4,1,0,4,1,4,4,1,1,1,4,3,5,1,6,6,3,7
11228,0,57,11,10,0,50,21,44,22,6,34,9,13,10,25,16,10,10,8,13,3,14,15,11,102,-85,10,2,5,7,8,5,1,3,4,4,1,2,5,2,0,6,1,2,7,3,4,2,2,1,3,7,4,2,0,2,1,5,3,5,2,2,3,1,4,1,7,3,0,2,1,0,2,1,1,1,1,1,2,3,2,0,0,0,0,1,2,2,1,0,1,2,1,1,1,0,1,3,3,0,0,0,2,2,1,3,0,0,2,0,1,1,-1,4,0,0,1,3,4,3,4,0,2,3,2,3,2,0,2,1,0,4,4,0,1,1,1,0,4,1,1,1,2,2,0,0,-1,2,1,2,1,1,1,2,0,1,0,1,0,1,1,0,2,1,2,1,3,1,0,0,1,8,2,2,2,0,0,3,0,4,1,4,2,2,2
11229,0,107,22,25,0,95,38,71,40,7,70,30,39,65,46,54,18,21,15,31,13,25,40,26,193,-163,19,4,13,12,16,16,5,12,9,10,13,27,12,12,6,10,9,8,11,8,1,5,2,3,3,8,3,12,24,93,48,57,12,0,2,0,4,1,5,8,1,4,5,0,2,1,1,2,1,2,4,1,4,1,2,0,0,1,3,1,2,0,8,4,1,2,8,5,0,2,1,1,2,5,5,2,2,6,6,2,3,2,1,2,1,4,0,4,-1,4,3,2,1,4,4,4,2,4,10,3,5,1,1,3,2,3,3,1,4,1,2,1,3,0,2,1,4,2,2,3,6,8,-4,0,1,4,2,5,7,6,3,0,6,-10,4,7,-14,10,7,-3,7,24,-10,3,-7,14,6,6,9,9,11,2,9,13,10,5,13,14,10
11230,0,217,55,43,0,108,35,78,54,12,68,28,38,47,49,47,40,23,11,36,19,37,52,27,352,-310,37,13,30,23,14,23,24,19,16,23,12,16,14,10,10,25,13,24,16,14,9,12,6,10,23,6,10,3,5,11,7,13,8,9,7,3,8,6,10,10,2,5,2,2,3,5,5,0,3,1,5,5,6,1,4,3,2,2,1,5,2,2,14,5,5,3,4,8,0,0,1,2,1,5,6,0,0,5,7,5,2,2,0,8,0,2,2,4,4,1,8,6,5,1,3,3,3,1,4,4,0,4,5,6,3,1,3,3,0,0,1,0,4,5,5,1,5,3,7,5,6,4,6,8,2,10,4,12,4,17,6,4,3,20,8,7,15,13,3,18,20,48,9,11,15,11,25,15,23,17,14,26,24,24,26,39,42,22,10
11231,0,27,7,8,0,22,6,20,6,4,14,6,7,4,7,9,11,4,2,12,2,14,14,4,56,-49,1,0,2,5,1,2,6,3,5,1,0,2,4,1,1,2,2,5,4,3,1,1,2,0,1,4,2,1,0,6,6,1,2,0,0,-1,0,1,0,0,2,0,0,1,0,0,0,0,0,2,0,0,0,0,3,0,0,0,0,1,1,0,4,2,0,0,1,0,0,0,0,2,2,1,0,0,0,1,1,1,0,1,0,1,1,1,0,0,1,1,2,3,0,1,0,0,0,1,0,1,2,2,0,-2,1,0,2,1,1,1,0,1,1,1,1,0,0,0,1,2,1,1,1,0,0,0,0,0,0,1,0,1,1,3,2,3,1,0,1,0,0,0,0,1,1,2,0,2,0,1,0,0,1,0,5,1,0,0,1
11232,0,56,14,14,0,24,10,19,21,5,19,20,12,4,13,6,7,8,5,9,3,11,10,5,66,-53,5,4,6,0,5,8,5,3,3,4,3,8,4,2,0,5,5,9,10,3,5,1,2,2,2,4,3,3,1,3,3,1,3,1,-1,1,2,0,2,5,1,0,1,4,2,2,0,2,0,2,3,3,3,3,2,0,0,3,1,1,4,2,2,1,1,0,4,1,1,5,-1,1,0,2,0,0,1,1,1,0,3,0,0,3,0,2,-1,2,0,0,4,0,1,2,0,1,1,2,1,4,0,2,1,5,1,2,6,2,2,1,1,0,2,0,2,0,1,1,0,1,0,0,0,1,0,1,0,1,1,0,1,0,1,1,0,1,0,0,0,-1,2,6,4,-1,1,0,0,1,0,-1,0,0,0,1,1,0,0,2,0
11233,0,77,23,31,0,56,16,53,53,5,52,25,32,18,51,37,28,20,22,20,15,25,46,24,123,-90,16,10,17,23,7,20,15,7,12,8,7,9,11,5,0,0,4,9,6,7,4,4,6,-1,6,8,2,1,5,2,2,4,3,2,5,5,5,5,2,5,1,1,1,0,0,2,1,1,1,4,5,3,4,5,0,0,2,3,4,6,4,3,8,11,4,2,2,7,1,2,1,4,1,2,1,1,3,2,1,1,4,1,0,5,0,1,3,3,2,0,3,3,1,5,2,2,3,3,2,2,2,2,1,1,1,5,2,3,1,5,0,0,2,0,3,1,0,1,0,0,4,0,3,0,0,0,0,3,2,3,1,0,0,4,0,1,4,3,1,1,2,5,1,0,2,1,0,2,3,4,3,5,4,2,5,6,4,2,0
11234,0,167,43,50,0,135,48,137,85,15,105,40,71,157,66,50,35,34,24,44,25,61,57,33,299,-253,16,17,20,13,23,23,10,6,11,8,8,19,18,5,6,7,7,14,16,3,8,3,6,4,3,5,6,2,4,5,6,8,8,3,3,5,4,4,3,3,3,3,1,0,4,2,4,1,0,2,5,2,1,1,6,2,5,5,1,1,0,2,2,2,1,9,1,6,1,1,4,3,0,2,1,4,3,1,6,6,7,5,1,1,0,2,-1,5,0,1,2,1,7,5,2,4,3,5,2,8,4,3,3,2,1,5,4,3,3,8,2,1,3,3,2,3,3,2,1,1,3,3,3,3,2,2,6,6,4,5,5,1,1,6,3,2,0,9,1,5,4,9,1,6,7,3,6,7,5,5,5,4,10,10,9,11,9,7,9
11235,0,73,38,28,0,101,42,127,67,19,68,43,38,64,82,68,52,35,22,28,19,51,42,38,287,-235,40,28,32,19,17,32,17,13,19,17,6,12,10,53,4,6,11,14,21,10,3,7,5,2,5,6,9,3,1,8,5,7,12,11,4,-2,5,6,4,6,3,5,1,2,1,4,1,3,2,0,5,3,3,2,3,0,1,3,7,2,2,4,9,3,1,5,1,7,4,1,1,3,0,5,6,2,1,9,3,4,4,2,2,6,0,7,0,4,0,6,4,3,3,6,2,5,0,6,6,6,4,6,3,1,4,5,5,4,4,9,0,10,3,6,3,8,3,1,2,1,2,2,-1,1,2,6,0,5,3,1,4,0,3,5,6,4,7,2,2,7,3,13,1,8,3,1,6,7,15,8,6,13,12,7,16,9,11,5,8
11236,0,202,58,52,0,143,67,131,88,27,129,39,87,119,79,70,53,68,31,40,23,68,61,46,349,-289,32,15,31,24,23,24,22,9,20,17,5,29,30,32,4,10,11,22,11,14,9,8,8,5,7,4,9,10,7,13,16,13,7,8,5,6,4,3,5,11,0,6,5,3,5,14,9,8,2,1,6,7,6,3,14,6,2,2,3,1,2,3,15,7,5,3,3,13,0,2,3,4,5,2,2,1,4,3,3,3,1,1,0,4,2,0,5,4,1,0,6,3,7,6,7,1,1,2,7,4,8,3,5,3,1,1,3,2,1,3,2,1,3,4,1,2,2,2,1,1,0,6,3,1,1,6,2,4,1,1,3,1,0,7,4,1,0,3,1,4,0,6,0,3,4,1,2,1,3,2,1,3,4,3,2,3,2,0,10
11237,0,51,23,16,0,46,14,41,36,10,30,9,21,8,34,24,10,10,14,9,6,22,29,16,117,-84,20,3,13,13,23,16,13,8,4,12,8,4,10,4,1,5,3,12,14,4,6,6,6,0,2,2,4,2,1,2,10,5,10,1,5,0,7,5,2,1,2,6,4,4,2,3,2,2,2,2,0,2,1,4,3,2,2,1,4,1,1,2,2,0,4,3,0,2,0,1,4,6,2,1,7,2,5,0,2,6,2,2,3,6,-1,1,-3,4,1,1,3,6,1,2,0,0,0,1,2,3,1,1,1,2,3,1,4,4,1,3,0,3,1,3,1,2,2,0,2,2,2,2,-1,0,1,1,1,4,0,4,2,0,0,0,0,1,-1,2,1,1,0,2,1,2,3,2,1,1,4,1,-1,5,6,1,6,5,1,0,8
11238,0,70,19,11,0,56,11,31,26,5,36,6,12,10,15,18,8,12,6,12,5,19,15,8,103,-88,7,6,12,4,3,6,7,3,6,2,3,7,10,4,3,1,6,10,13,2,0,3,6,0,5,4,1,1,1,3,1,2,1,1,1,6,4,1,4,8,4,0,2,2,2,3,1,4,3,2,2,1,3,0,1,2,0,0,2,2,0,2,2,2,3,0,6,5,0,0,0,2,3,1,3,2,2,2,0,0,2,0,2,2,0,2,-1,4,1,2,2,1,1,1,0,2,2,1,2,3,4,1,1,1,0,1,1,0,2,3,1,0,3,0,1,3,1,0,1,0,-1,1,1,3,0,2,5,0,2,2,0,0,1,5,1,0,3,2,2,1,3,1,2,2,0,2,-2,1,5,2,2,0,0,3,2,3,3,1,2
11239,0,43,9,20,0,15,7,20,22,9,20,11,14,18,16,15,13,2,3,12,3,10,13,8,81,-67,5,5,7,5,4,7,3,1,2,6,2,0,4,8,2,1,7,4,1,3,4,0,2,2,1,0,1,0,3,1,3,2,3,4,1,5,2,0,1,2,1,0,1,0,0,0,2,0,0,0,0,1,1,0,2,0,0,0,2,1,1,1,2,1,1,1,0,0,1,0,0,0,0,3,3,3,1,4,1,1,0,0,0,0,-1,1,-1,1,0,0,2,0,1,0,0,0,1,1,1,1,4,3,0,1,0,1,2,0,1,1,0,0,0,0,0,0,0,0,0,1,3,1,1,0,0,0,1,2,0,0,0,0,1,0,0,0,0,0,0,0,0,1,0,0,-1,1,0,0,0,1,0,0,0,0,0,1,0,1,0
11354,0,71,27,25,0,40,27,42,46,10,39,22,20,14,39,43,55,21,17,22,19,33,36,36,143,-117,9,12,21,6,9,11,13,6,15,7,4,6,10,5,2,50,26,17,9,5,3,4,6,2,5,1,2,1,2,4,4,5,2,4,-2,4,2,5,6,7,11,5,1,2,1,3,7,0,5,0,3,6,4,3,8,1,2,1,1,13,5,3,5,2,6,9,3,2,2,0,2,4,7,1,6,2,4,3,4,5,1,1,0,4,3,3,9,2,-1,2,1,4,2,1,5,1,0,1,3,1,6,5,2,2,1,4,3,2,1,1,1,0,3,0,7,5,2,1,-4,1,3,7,2,2,1,7,7,0,10,10,0,14,0,1,3,2,-1,2,0,4,-1,1,0,2,0,1,1,0,1,1,2,3,5,3,4,4,2,1,1
11355,0,95,25,32,0,47,14,49,52,11,49,24,28,18,26,34,39,21,22,23,12,32,49,20,179,-149,20,15,13,18,11,14,13,15,13,1,7,11,14,10,3,2,6,14,7,6,12,9,9,3,5,4,2,1,2,10,4,0,6,6,0,2,3,0,6,6,5,3,4,3,3,6,9,1,2,2,4,17,3,2,9,2,3,3,4,7,4,12,7,3,10,12,11,9,2,5,10,3,6,0,3,6,1,7,5,1,11,4,0,8,0,4,2,7,3,1,7,2,3,-1,2,0,1,2,2,2,3,-1,4,1,1,4,1,5,1,0,1,3,3,2,3,1,1,2,2,5,2,5,-1,1,2,1,1,0,2,2,5,2,4,1,-2,0,2,0,0,1,4,1,-1,1,2,1,2,1,3,3,1,1,1,3,-1,1,4,0,2
11356,0,41,9,17,0,28,4,22,24,2,28,11,17,10,15,6,7,7,6,12,5,17,15,12,82,-58,4,3,8,3,7,5,-1,4,6,1,2,2,6,6,0,0,3,9,3,2,5,2,3,0,0,1,2,4,1,0,2,0,0,2,2,1,2,1,1,1,0,1,0,7,1,3,2,1,0,1,1,0,0,0,1,0,2,2,1,2,0,2,3,1,3,2,1,0,0,1,1,2,0,1,2,1,0,1,0,0,3,1,2,0,0,1,-1,2,0,2,0,0,2,0,0,1,1,6,1,4,1,1,3,2,2,2,2,0,1,1,1,1,0,0,0,-1,3,2,-3,0,0,2,1,1,0,1,1,2,0,0,1,0,1,2,-1,1,1,0,0,1,0,0,1,2,3,0,0,4,0,0,1,1,1,0,0,2,0,0,0
11357,0,68,10,20,0,63,13,37,27,8,33,11,25,7,26,14,15,21,10,10,5,18,17,22,117,-106,8,6,4,11,15,6,4,3,7,6,1,6,7,17,2,3,1,6,3,6,5,1,2,0,0,0,1,0,1,1,5,6,0,1,3,3,0,4,2,0,0,1,0,1,1,1,0,0,1,0,3,1,1,1,3,0,4,1,0,1,5,1,3,2,1,0,2,4,0,2,0,0,1,2,3,0,4,4,2,1,4,0,1,1,1,0,0,3,0,0,2,1,0,0,1,0,4,1,1,0,3,2,3,1,0,3,2,1,1,0,2,0,1,3,3,3,1,0,-1,1,0,2,1,3,1,1,3,3,0,1,-2,1,1,1,2,0,2,0,0,0,1,0,1,0,2,0,1,0,0,0,1,0,0,1,1,1,2,1,1
11358,0,39,5,9,0,33,6,35,13,6,24,12,18,5,19,18,7,9,6,12,2,17,21,10,76,-62,8,6,4,6,6,6,1,4,2,4,2,0,3,2,1,0,3,8,1,4,0,3,2,3,1,1,3,6,0,2,4,1,0,5,0,0,1,1,0,1,2,0,3,0,0,3,1,3,1,2,1,1,0,0,5,0,2,1,0,1,0,5,1,1,2,1,2,1,0,0,2,2,0,0,2,0,2,4,0,1,1,0,0,0,0,2,1,1,0,0,0,0,0,0,1,0,0,1,0,1,1,1,0,1,2,1,0,2,0,1,0,1,0,0,1,0,0,0,0,0,3,0,1,0,0,0,0,0,0,0,1,1,1,3,0,2,0,0,1,0,2,2,1,0,0,1,3,0,2,0,1,3,-1,2,2,3,-1,0,0
11360,0,27,8,3,0,21,5,15,9,6,20,4,7,6,8,2,6,3,3,3,5,14,13,13,52,-43,1,4,2,2,0,6,3,1,0,0,1,1,0,1,2,1,0,2,2,0,0,0,2,0,0,1,1,0,2,0,1,3,0,1,0,1,0,1,0,3,2,0,0,0,0,0,1,1,0,0,3,0,0,0,2,0,0,1,0,0,1,1,1,0,0,1,0,0,1,0,1,0,1,0,0,0,0,0,0,0,0,3,0,0,0,0,0,1,1,0,0,0,0,0,0,0,0,0,1,1,0,0,0,0,1,0,0,0,1,0,0,0,0,0,0,2,0,0,0,0,0,0,1,0,3,1,2,0,1,0,0,0,1,2,0,0,0,1,1,1,-1,2,0,2,0,0,0,1,0,0,1,0,0,2,1,0,0,1,0
11361,0,33,12,15,0,33,7,22,17,5,24,5,7,6,13,14,4,3,3,9,4,19,6,6,65,-54,4,3,7,3,5,3,2,4,3,1,0,4,1,3,4,2,2,6,4,3,0,1,3,0,2,0,1,3,0,2,0,1,2,1,1,0,0,1,5,1,1,0,1,2,0,0,0,1,0,0,0,1,0,0,1,0,1,1,1,1,1,0,3,1,2,1,0,1,0,0,0,1,1,0,1,1,2,1,0,0,0,2,0,2,0,0,1,0,0,1,0,0,0,1,0,1,1,0,0,0,0,1,-1,0,2,0,0,2,0,1,0,1,0,2,0,2,0,0,1,1,0,0,0,2,0,1,2,0,1,0,1,1,0,2,0,1,0,0,1,0,0,1,0,0,0,0,0,4,0,0,0,0,0,2,0,2,0,3,0
11362,0,24,0,3,0,33,3,14,7,10,9,6,10,3,4,7,2,3,2,16,2,9,9,8,58,-49,4,2,3,4,3,0,1,1,3,2,1,3,3,0,2,2,1,1,1,0,-1,0,0,2,0,1,1,1,0,1,4,0,1,0,2,1,0,1,1,1,2,0,1,0,7,4,2,0,0,0,-1,1,0,1,1,0,1,1,0,0,0,0,1,1,1,0,1,1,0,1,0,0,0,0,2,0,0,0,1,0,1,2,0,0,1,0,0,0,0,0,0,0,0,3,1,0,0,0,1,1,0,1,-2,1,2,0,0,0,0,0,0,1,0,1,1,0,0,1,0,0,1,0,0,0,0,0,0,0,0,0,1,0,1,1,0,0,0,0,0,0,1,0,0,3,1,0,0,0,0,1,0,1,1,2,0,1,0,0,0
11363,0,6,5,4,0,10,3,8,2,0,3,1,0,3,1,0,2,1,0,0,1,1,4,2,14,-12,0,0,1,2,0,0,0,1,1,1,1,0,3,0,0,1,-1,0,0,1,0,0,0,0,0,-1,0,0,0,1,0,0,0,0,0,1,0,0,0,0,0,0,0,0,0,0,0,0,0,1,0,0,-1,0,0,0,1,1,0,0,0,0,0,0,1,0,0,0,0,0,0,0,0,0,0,0,0,2,0,0,0,0,0,0,1,0,0,0,0,0,0,0,0,1,0,0,1,0,1,1,1,0,0,0,0,-1,0,0,0,0,0,0,1,1,0,0,0,0,0,0,0,0,0,0,0,0,0,0,0,-1,1,0,0,1,0,0,0,0,0,0,0,0,0,0,1,0,0,0,0,0,0,0,0,0,0,0,0,0,0
11364,0,36,9,6,0,32,4,20,17,5,17,6,17,6,15,11,8,8,6,7,6,18,9,8,68,-59,6,2,4,6,4,4,3,0,3,5,0,4,3,4,0,0,0,3,1,2,1,2,0,1,0,2,0,1,0,0,1,0,1,3,-1,1,1,1,1,1,0,0,0,0,0,0,1,1,0,0,0,1,2,0,1,0,0,2,0,0,1,0,0,0,0,3,2,1,0,0,1,1,0,0,0,0,1,0,1,0,0,1,0,1,1,0,0,0,0,0,0,0,2,3,0,0,1,0,0,1,1,4,3,2,1,2,2,0,1,0,0,0,0,1,0,0,3,0,-1,1,1,0,1,0,0,0,0,0,0,0,0,0,1,2,0,1,0,1,0,0,0,4,1,0,0,0,1,0,2,1,2,1,1,2,3,3,1,0,0
11365,0,63,19,20,0,45,13,32,43,10,29,17,18,17,16,18,18,18,7,16,4,21,33,10,128,-112,12,2,15,13,5,8,12,5,4,2,1,4,4,3,1,3,4,8,9,3,5,2,4,2,3,0,1,2,1,1,5,4,3,1,0,1,2,1,1,0,1,1,2,1,4,1,2,1,1,3,1,1,0,2,5,5,3,0,1,0,1,1,1,1,4,0,2,1,0,0,1,4,0,3,3,1,1,4,0,0,1,1,3,6,0,2,2,0,1,2,6,2,1,2,1,1,1,0,1,4,1,0,2,1,1,0,0,2,0,5,2,2,0,1,2,0,4,1,-3,-1,1,0,1,2,0,1,1,4,2,1,1,0,1,3,1,0,6,4,2,-1,5,6,1,1,1,0,4,2,1,4,1,5,4,1,3,2,3,0,1
11366,0,46,13,11,0,20,3,17,17,3,8,5,10,7,12,8,10,2,4,4,5,7,6,6,62,-56,4,3,2,3,2,2,1,1,0,0,0,0,4,1,0,0,2,0,3,1,0,2,2,0,8,3,0,0,0,0,3,1,1,0,0,0,0,0,1,1,1,1,0,0,0,0,0,1,0,0,0,1,1,0,3,0,1,0,0,1,0,1,2,0,0,0,0,0,0,1,1,0,0,0,0,0,0,2,0,0,0,0,0,0,0,2,0,1,0,0,0,0,0,1,0,1,0,2,1,0,1,0,1,0,1,0,0,0,0,0,0,0,1,0,1,1,1,0,0,2,0,0,1,0,0,0,3,0,0,0,2,0,0,1,0,0,1,1,0,0,0,6,1,2,1,0,1,3,1,1,0,3,0,1,2,0,2,0,1
11367,0,85,22,22,0,38,13,43,25,8,17,13,15,17,17,14,18,9,9,9,12,39,18,22,189,-165,7,2,14,18,7,12,8,8,12,6,3,8,7,3,0,1,5,14,7,4,2,2,4,5,6,5,3,4,0,2,1,2,1,4,3,1,2,0,1,5,2,2,1,0,2,0,3,1,0,1,1,1,1,2,3,1,1,1,2,1,2,1,2,1,2,8,3,4,0,3,0,3,0,1,2,2,0,3,2,7,1,2,2,7,0,2,-1,3,0,1,4,2,0,5,0,0,0,1,2,1,3,1,2,1,3,3,0,0,2,2,1,0,1,3,0,2,1,1,2,0,2,2,0,2,0,1,2,4,1,2,1,1,2,8,5,2,2,2,3,0,4,8,1,1,2,1,6,8,3,8,8,4,2,3,14,-3,10,5,4
11368,0,298,92,109,0,213,69,404,116,39,111,48,64,53,68,70,48,68,46,56,27,99,95,71,496,-381,91,24,66,53,66,76,42,30,35,60,15,53,53,43,21,28,22,48,39,22,21,14,20,6,16,8,22,7,9,13,24,24,24,14,1,10,20,13,9,15,12,19,10,10,7,9,11,5,17,7,14,11,5,3,25,2,9,7,15,21,10,5,20,11,7,5,10,23,3,6,2,10,5,7,6,4,2,3,8,8,8,10,7,15,1,12,-2,11,2,2,4,8,2,7,10,5,3,2,6,5,7,9,0,4,5,7,8,6,6,4,1,1,4,4,4,5,3,3,3,3,4,5,3,4,6,2,1,7,1,3,-2,5,1,3,6,3,7,6,0,0,2,1,2,2,1,1,2,6,3,1,2,6,6,3,2,2,4,5,2
11369,0,133,40,43,0,61,24,114,67,26,44,20,26,24,24,30,26,22,11,15,9,33,41,27,203,-163,32,10,20,15,12,21,19,16,6,10,7,14,9,13,7,6,11,9,20,6,10,2,7,-1,5,4,-1,5,3,4,9,10,11,8,3,7,5,4,4,7,4,3,3,1,4,0,2,2,2,2,2,1,1,4,4,1,1,1,2,2,2,0,3,4,2,4,4,3,2,2,1,5,1,2,1,1,2,0,1,2,2,1,2,1,3,1,-2,4,0,1,5,1,3,0,1,1,0,1,3,2,1,2,1,0,0,0,2,3,1,3,0,1,0,0,1,0,1,0,0,0,1,1,1,0,2,-1,1,-1,2,0,1,0,0,4,-1,1,4,3,2,0,0,3,1,3,4,0,1,2,3,0,3,2,3,3,2,2,3,-3,0
11370,0,132,30,33,0,60,21,77,66,14,22,14,36,13,31,35,12,24,14,25,13,30,19,15,201,-171,17,3,11,14,12,9,9,6,2,7,3,5,3,9,2,2,1,5,5,4,5,1,4,0,2,2,1,1,1,1,5,4,5,3,0,3,7,1,2,3,1,4,2,2,2,1,3,2,2,0,3,3,1,0,3,0,2,1,1,0,1,1,3,4,0,1,5,4,0,1,0,2,2,1,0,1,4,5,6,1,1,1,1,1,1,1,0,1,1,1,0,1,0,0,0,0,1,2,0,1,1,0,1,0,0,0,3,2,0,3,0,1,3,2,3,0,0,3,2,1,2,3,1,0,0,2,0,0,0,1,1,0,1,1,0,0,4,0,0,0,0,2,0,2,1,1,2,0,2,0,0,2,2,1,0,1,0,0,1
11372,0,205,50,59,0,110,41,275,90,33,73,48,35,34,32,52,51,52,9,23,17,53,60,41,320,-273,30,11,29,19,30,22,20,36,9,27,11,27,23,11,15,10,13,20,13,7,14,6,14,3,6,1,5,6,1,6,11,8,12,6,3,0,21,2,4,7,4,8,4,8,6,5,7,2,4,5,9,6,2,5,3,4,3,3,8,8,1,2,15,5,3,5,3,6,0,2,3,8,4,3,3,0,2,1,4,5,4,3,6,10,1,2,5,8,3,1,5,3,1,1,1,1,2,4,4,4,3,2,2,1,2,7,6,4,6,2,2,0,3,1,9,4,6,0,3,-1,3,6,4,0,2,1,0,2,1,1,1,3,1,2,-1,-2,4,5,2,1,2,0,2,0,2,-2,1,2,5,0,1,-1,1,2,3,2,4,7,1
11373,0,10,62,80,0,159,48,412,135,42,80,34,46,39,53,73,51,41,30,43,13,76,82,34,370,-285,47,16,46,37,26,39,30,36,15,20,5,36,15,17,14,7,14,40,24,10,15,10,9,6,17,6,12,7,5,2,13,7,9,6,5,0,7,5,5,3,6,10,3,5,4,6,9,4,12,7,7,2,7,6,6,5,2,3,4,8,0,5,0,2,3,8,5,13,1,4,0,2,1,3,3,-1,0,6,7,2,6,4,3,1,1,2,6,8,1,3,5,3,0,0,11,5,5,3,3,1,3,0,5,3,3,6,6,2,11,6,1,2,3,4,1,1,4,2,2,0,1,2,4,1,1,2,2,1,0,3,-1,4,2,2,-3,1,4,1,1,7,1,6,4,6,4,3,5,1,2,2,6,4,8,2,10,1,2,6,4
11374,0,100,41,19,0,44,23,35,44,11,37,13,24,17,14,22,16,13,15,10,9,16,18,10,177,-155,10,2,8,9,7,3,9,5,5,11,5,13,2,4,7,1,8,4,7,3,5,5,5,2,4,3,3,1,5,3,3,1,3,2,0,1,3,2,0,3,0,2,1,0,0,1,1,0,1,0,2,1,1,0,2,0,3,3,1,2,1,1,4,4,1,1,3,2,0,0,2,5,0,0,1,3,4,2,0,0,0,0,0,2,1,4,1,2,1,1,1,1,2,1,3,2,1,1,1,0,3,4,3,-1,1,4,2,2,1,2,3,0,2,1,1,1,2,1,0,1,2,2,1,2,3,1,6,4,2,4,0,1,4,6,2,4,2,4,2,1,3,5,2,4,2,2,8,5,2,4,6,7,6,3,7,4,4,2,2
11375,0,141,54,40,0,91,33,48,34,13,65,33,33,23,34,35,30,13,9,23,4,40,37,12,250,-220,20,7,10,12,5,15,13,4,11,10,4,4,3,6,2,4,4,7,8,6,1,3,3,2,4,5,2,4,1,2,4,1,2,4,0,1,3,1,2,0,2,3,2,3,3,3,6,1,2,5,5,0,0,0,2,0,3,1,0,2,-2,0,-17,-5,-1,2,-4,2,0,1,-2,-5,-4,-2,0,3,2,1,-1,-1,-2,0,3,5,0,4,2,1,1,4,-1,2,2,0,0,2,0,2,2,1,6,6,1,2,0,7,5,3,-1,4,3,5,2,4,3,7,3,2,7,3,5,3,1,2,4,2,1,3,3,0,2,3,2,2,4,4,7,9,2,6,4,5,2,1,3,2,5,1,2,1,8,4,2,4,10,4,4,2,2
11377,0,151,48,57,0,116,36,190,90,20,80,21,41,39,42,38,44,27,15,29,16,58,60,45,265,-222,35,19,33,17,26,24,29,14,11,19,14,16,19,15,8,7,26,29,25,5,11,5,7,12,9,4,4,10,4,7,11,4,19,6,6,9,7,8,10,9,3,9,3,7,9,11,7,7,7,2,9,1,3,5,9,1,1,0,3,1,1,3,10,4,3,0,5,8,1,2,4,5,2,2,3,4,1,3,2,6,3,8,6,2,2,5,1,6,0,1,7,4,0,2,5,1,1,2,2,6,2,1,2,2,0,5,6,5,0,1,1,2,2,0,1,1,0,1,4,2,1,0,1,1,1,0,0,3,0,3,4,2,1,4,2,3,6,3,6,3,1,3,1,1,1,1,3,1,5,3,3,4,1,5,6,5,7,2,3
11378,0,42,21,13,0,31,11,44,29,11,39,5,17,7,13,17,12,18,6,17,6,29,23,14,111,-92,4,5,10,6,8,11,2,5,3,4,3,4,3,5,2,10,2,8,5,3,1,0,0,0,1,3,2,-1,0,1,2,2,6,2,0,3,3,1,3,2,1,3,2,0,1,2,2,1,1,3,3,0,5,2,1,0,0,1,0,0,0,1,1,0,2,0,0,1,1,1,1,1,0,2,2,0,2,2,0,2,1,3,2,0,0,2,1,0,0,0,1,0,2,3,1,-1,0,1,0,0,1,1,1,1,1,2,1,1,3,0,2,1,1,0,0,1,1,1,0,0,0,-1,5,0,0,0,1,0,1,1,5,1,0,5,0,2,3,1,0,2,1,2,0,1,1,0,0,1,1,1,1,3,2,1,1,2,1,0,0
11379,0,57,8,16,0,41,9,40,28,9,31,4,21,17,15,18,11,11,10,17,3,20,37,13,131,-111,11,3,13,10,9,0,11,1,3,7,0,10,7,5,4,8,0,9,3,1,3,3,6,-1,0,1,2,1,3,0,1,1,2,4,0,0,2,0,1,3,0,2,4,2,0,1,0,1,2,0,2,0,0,1,4,4,2,3,1,0,6,1,6,0,2,4,1,1,0,1,0,0,2,1,1,1,1,1,1,0,0,1,2,0,0,2,0,2,0,2,2,2,0,0,0,0,2,1,0,0,1,2,2,0,0,0,3,0,0,2,1,0,0,3,1,1,3,-1,1,0,0,2,0,1,0,0,1,1,0,0,0,2,3,3,0,0,2,2,0,0,1,2,1,4,5,3,1,0,1,3,0,-1,2,1,3,2,3,3,0
11385,0,181,33,29,0,99,37,81,78,14,89,25,48,28,52,33,36,37,20,51,33,66,63,53,306,-251,35,11,21,40,9,29,25,13,19,20,4,23,24,16,6,9,14,17,15,6,5,3,9,5,12,0,7,5,4,5,16,6,12,3,2,3,11,4,3,8,5,4,3,2,5,3,5,6,2,0,11,1,5,4,10,2,4,1,5,3,4,3,9,2,3,1,2,10,5,2,4,0,0,4,7,7,4,5,1,2,2,1,7,12,2,2,0,8,5,3,3,10,5,5,6,4,2,3,5,5,3,4,3,2,1,2,3,1,3,1,1,2,4,2,1,1,2,3,1,3,1,1,5,1,3,2,4,3,5,2,2,0,2,9,1,1,8,2,2,2,2,9,0,1,1,1,2,3,0,3,1,3,3,6,4,8,2,9,2
11411,0,62,33,25,0,38,8,24,30,16,21,11,14,10,11,14,12,6,6,11,9,18,24,7,98,-92,5,4,6,4,4,12,0,10,7,1,2,6,4,0,2,3,4,3,3,3,0,1,1,4,5,3,2,3,1,1,3,0,1,0,0,1,0,1,1,3,0,0,0,0,0,0,3,1,1,0,4,0,1,0,0,2,1,0,0,0,2,3,1,1,0,0,1,1,1,1,0,1,1,0,2,0,1,0,0,1,2,2,0,0,0,0,0,1,0,0,0,2,0,2,1,0,0,1,0,1,0,0,0,1,0,0,1,0,1,0,1,0,0,0,0,0,0,0,0,0,1,0,0,0,0,1,0,0,0,1,0,0,1,0,-1,0,2,1,0,0,2,0,1,1,0,0,2,1,2,0,1,0,0,0,0,0,1,1,1
11412,0,103,38,37,0,73,16,65,54,14,48,13,32,21,30,25,22,23,12,29,12,54,38,15,162,-131,6,6,23,12,8,14,8,7,7,4,1,8,8,2,1,1,2,5,7,0,1,1,3,0,1,4,3,2,6,4,2,5,4,4,0,2,4,1,3,3,1,0,0,0,1,2,4,1,2,5,3,0,0,0,0,2,3,3,3,1,1,2,2,2,0,2,5,1,0,0,1,1,3,1,2,0,-1,5,2,0,0,1,2,1,0,0,1,3,0,0,2,0,2,1,0,1,1,1,0,3,2,2,3,0,1,1,2,0,0,1,1,0,0,1,0,0,1,0,1,0,0,0,1,0,0,0,1,0,-1,0,0,0,2,1,1,1,2,2,0,1,1,2,2,0,0,0,0,2,0,1,0,0,1,-2,1,1,1,0,0
11413,0,132,27,40,0,68,21,73,52,17,61,21,27,20,25,28,17,27,10,27,19,32,35,17,166,-142,13,10,13,16,10,8,8,9,7,8,2,10,13,9,3,4,3,2,3,7,4,3,6,-2,3,4,8,4,3,5,2,5,4,4,2,2,4,4,3,2,2,3,1,1,0,3,2,0,2,2,1,1,0,2,3,2,2,1,0,3,1,1,2,1,1,2,0,1,0,0,1,0,1,6,4,1,2,2,2,1,3,3,3,0,-1,2,2,1,0,2,3,1,-1,2,3,0,0,2,3,3,1,2,0,0,0,0,0,0,1,3,1,0,1,1,1,3,0,1,0,0,2,0,0,0,1,0,0,0,0,1,3,1,0,3,0,0,4,0,0,1,1,3,0,0,1,0,0,0,1,0,0,0,1,0,2,0,3,2,2
11414,0,58,18,14,0,89,13,38,29,13,19,20,42,22,15,17,14,5,7,23,10,21,12,11,139,-127,7,0,7,10,5,9,8,2,3,4,1,9,5,6,3,2,2,4,4,4,1,4,1,3,1,0,0,0,1,0,1,2,2,1,0,0,1,0,0,1,0,1,0,1,1,1,0,0,0,0,3,1,0,0,0,0,0,0,0,0,2,0,3,1,0,3,2,4,0,0,4,0,1,0,2,1,3,1,1,1,-1,0,0,0,0,0,1,0,0,3,2,0,6,1,1,0,1,2,1,2,0,-1,1,0,2,0,1,0,2,3,2,2,0,0,4,1,0,1,-3,0,1,1,0,1,1,1,1,0,1,0,1,1,0,1,0,1,2,2,2,1,4,2,4,3,4,1,2,2,2,1,-1,8,1,1,1,2,1,2,1
11415,0,36,13,7,0,26,8,12,25,8,22,6,8,2,17,8,12,7,4,7,8,9,15,2,99,-85,5,2,3,1,3,10,4,7,8,3,3,1,5,2,4,6,3,3,4,0,2,4,1,1,2,1,1,2,2,2,3,2,1,0,1,-1,2,0,4,1,1,0,0,0,2,1,0,0,-1,0,0,0,1,1,0,0,1,0,0,1,0,1,3,0,1,1,1,1,0,1,0,0,0,0,0,0,1,1,1,0,2,0,0,2,0,1,0,0,0,0,1,0,1,1,0,0,0,0,1,0,0,0,0,0,1,0,0,1,1,0,0,0,1,2,1,1,0,1,1,1,0,2,1,0,1,0,0,0,0,2,4,2,1,0,4,2,3,2,0,3,1,2,-1,4,4,1,1,2,0,3,1,0,5,4,6,1,1,3,2
11416,0,44,22,21,0,29,5,29,19,16,15,14,16,12,16,12,11,14,13,13,2,21,24,25,92,-67,9,0,9,8,14,20,10,3,-1,1,0,14,8,8,4,6,3,6,2,5,6,3,1,2,3,1,1,2,2,1,0,6,2,2,1,3,3,1,0,2,1,1,1,1,1,3,2,0,0,0,2,0,2,1,0,4,0,1,1,0,1,4,2,1,0,1,0,1,0,2,2,0,2,2,1,0,0,2,0,0,1,0,1,3,0,2,-2,3,0,1,1,0,2,0,1,2,0,0,1,1,0,1,2,0,0,3,1,1,2,2,0,0,3,0,0,0,1,3,2,1,2,0,1,1,1,0,0,0,1,0,0,1,0,3,2,1,2,2,0,1,-1,2,1,0,1,0,0,0,0,1,1,0,4,0,2,1,1,-1,2
11417,0,57,11,13,0,61,8,47,13,10,28,18,23,7,21,18,16,11,10,28,16,22,42,24,125,-109,9,15,21,10,8,10,6,7,5,6,2,13,7,3,3,5,2,6,2,8,2,4,7,2,1,-2,0,3,3,3,8,1,3,0,0,0,3,0,3,1,0,1,0,0,1,1,0,1,3,1,3,1,2,1,2,1,1,2,2,1,0,0,0,1,0,2,0,2,0,1,0,1,0,0,0,1,2,0,0,1,3,1,1,0,0,1,-2,2,0,1,2,2,2,2,0,0,0,0,0,1,0,5,0,0,1,0,1,2,3,3,0,1,1,0,0,0,2,1,0,0,0,0,1,0,1,1,0,1,0,0,-1,0,0,1,0,0,0,1,0,1,1,4,2,-1,4,1,2,0,0,0,0,0,3,2,1,0,5,2,3
11418,0,77,15,21,0,57,19,38,39,11,39,15,18,13,32,22,29,14,6,21,12,43,28,12,152,-122,22,9,14,8,15,14,13,10,4,8,4,11,13,9,1,3,7,13,5,6,6,10,3,4,1,6,2,2,1,2,6,8,1,2,-1,0,1,3,3,7,3,3,2,1,3,1,4,0,2,7,1,1,4,3,4,2,3,4,1,3,0,9,0,1,2,2,0,2,1,1,5,2,1,1,3,1,1,1,3,2,2,0,0,1,0,1,-2,6,0,0,2,0,2,2,1,0,0,3,-1,2,1,0,1,0,0,1,0,0,0,1,1,0,4,1,1,0,-1,1,1,1,0,1,1,-1,3,1,0,0,1,2,1,4,1,4,0,3,1,0,1,3,1,2,0,3,1,0,3,3,3,2,1,0,0,0,2,4,1,2,4
11419,0,79,29,28,0,68,12,45,40,12,47,23,35,11,18,29,29,33,12,21,17,43,37,21,177,-147,26,5,18,16,14,15,7,12,8,10,3,12,4,12,5,8,3,10,6,4,6,4,11,3,2,1,5,3,2,5,11,2,6,5,2,1,11,4,4,1,4,2,1,4,0,1,4,3,0,1,4,3,0,2,3,1,5,1,2,2,1,2,1,0,1,3,4,0,1,2,1,2,1,2,0,1,5,2,0,3,1,3,2,6,-1,1,-3,3,1,2,3,3,1,0,0,0,2,2,3,1,1,0,1,1,1,0,1,3,1,2,1,1,1,1,5,2,0,1,2,1,0,1,0,2,2,1,2,1,2,2,0,2,0,2,1,-1,2,0,-1,0,1,4,0,1,0,2,1,2,2,1,1,1,2,3,2,2,1,-1,1
11420,0,116,26,33,0,75,33,49,48,20,52,25,45,14,30,22,28,24,9,42,29,53,30,31,180,-144,17,10,11,12,18,18,10,7,10,11,5,12,7,5,4,5,7,11,8,6,3,3,3,10,5,3,3,7,2,1,4,3,2,1,1,1,1,2,1,3,1,0,3,2,2,3,2,4,1,1,4,3,6,1,2,4,0,1,1,3,1,0,1,2,3,3,6,5,0,2,4,0,4,1,0,0,1,4,1,0,0,1,1,2,0,1,2,2,-1,0,5,0,2,2,2,1,1,1,1,1,3,2,0,1,1,1,4,3,0,3,1,2,3,-1,4,5,3,1,2,0,2,3,0,0,6,0,0,1,2,1,2,2,0,5,1,1,0,3,1,1,1,3,0,2,1,1,0,1,0,2,5,1,2,3,5,4,8,1,2
11421,0,78,25,18,0,74,21,63,56,18,47,17,36,22,28,13,21,21,21,23,10,33,37,23,145,-119,15,9,13,14,13,16,17,7,14,7,5,10,11,13,3,4,7,1,11,4,8,5,4,0,8,1,1,1,0,5,1,3,5,2,2,2,4,3,2,2,1,0,1,0,0,2,1,1,1,3,0,5,5,2,1,0,2,2,4,2,4,1,1,1,1,0,0,4,0,2,0,2,0,3,3,1,1,1,2,2,0,2,1,2,-1,1,-3,3,1,1,3,4,2,0,6,1,0,4,3,3,2,4,4,0,0,1,0,0,4,2,0,0,5,0,2,0,0,1,2,1,1,0,0,4,1,1,1,1,0,0,2,1,2,1,1,2,3,1,0,1,0,4,0,1,0,1,0,1,0,0,1,4,0,1,1,2,0,0,8
11422,0,92,28,28,0,58,15,35,39,11,35,15,16,23,19,20,15,19,11,17,10,22,23,19,134,-116,10,8,9,14,2,8,11,8,5,4,4,7,5,9,2,2,4,7,6,1,2,0,0,3,4,2,3,2,1,5,6,2,6,1,-1,0,2,1,1,3,1,0,2,2,3,2,0,1,1,2,3,3,2,1,2,5,1,0,2,0,2,2,5,1,2,2,2,0,2,6,0,1,2,0,1,0,2,1,0,1,2,3,0,6,0,1,1,3,0,0,3,0,1,2,0,2,1,1,2,0,2,0,0,0,0,0,0,2,1,0,0,2,3,0,0,1,1,1,2,0,1,1,0,1,2,1,2,0,0,1,1,0,0,0,0,1,1,1,0,0,0,0,1,1,0,0,0,0,1,0,1,0,2,2,0,-1,0,0,0
11423,0,84,14,11,0,63,20,56,30,11,33,26,24,20,27,23,25,22,12,23,12,17,35,25,128,-102,22,12,9,16,9,8,11,4,10,15,2,55,6,7,4,1,6,8,2,3,1,2,8,5,4,4,2,1,2,3,3,1,7,4,0,2,0,2,5,3,0,2,1,0,1,2,0,1,2,2,1,1,4,1,1,2,1,0,1,2,0,1,5,1,3,1,3,0,1,2,0,2,0,2,0,0,0,1,5,1,2,0,0,1,0,0,0,2,0,1,0,4,1,1,1,0,0,1,0,5,2,0,1,1,0,1,2,1,3,0,0,2,1,1,0,1,3,1,1,-1,1,1,2,1,1,2,2,2,1,0,0,0,1,0,1,1,1,4,0,2,0,3,0,1,1,0,0,2,3,0,0,4,0,-1,1,6,5,10,1
11426,0,40,14,8,0,51,11,18,20,7,22,9,15,3,9,6,14,8,2,8,7,16,18,11,74,-67,0,11,3,4,7,3,1,1,2,1,2,6,5,3,4,2,0,1,4,-1,-1,1,0,1,2,2,0,0,0,0,1,1,0,0,2,1,0,2,0,1,1,0,0,0,0,0,0,0,0,0,0,0,0,0,0,0,0,1,0,0,0,1,1,1,1,1,0,1,0,2,0,-1,0,1,1,1,0,2,1,1,1,1,0,2,0,0,1,0,0,1,1,0,0,1,1,0,0,0,1,1,0,0,2,1,0,1,1,1,1,0,0,0,0,0,0,0,1,2,0,1,0,0,0,0,0,0,0,1,-1,2,3,0,1,2,0,0,1,0,2,0,0,1,0,2,2,0,0,0,0,1,0,0,0,3,1,2,0,0,0
11427,0,52,25,14,0,51,11,33,28,12,33,16,19,8,19,12,11,16,9,16,4,17,31,17,135,-121,9,7,6,6,3,7,1,2,7,3,3,6,2,6,1,3,4,6,4,3,3,1,7,1,5,1,5,0,0,4,0,2,1,4,-1,0,2,1,1,2,0,1,0,2,3,2,2,3,2,0,2,0,1,0,1,2,0,0,1,1,0,0,0,0,3,0,2,0,1,0,2,1,0,0,0,1,1,2,1,2,1,1,2,2,0,0,1,0,1,2,1,1,1,-1,0,0,1,1,0,1,1,1,0,0,2,0,0,0,2,0,0,0,0,0,1,3,0,1,0,0,0,0,0,3,0,1,0,1,0,0,0,1,0,2,4,2,0,0,0,0,1,4,0,2,0,0,2,0,0,1,0,2,3,3,1,1,0,2,0
11428,0,55,12,14,0,48,11,28,30,10,29,15,18,14,21,11,25,17,6,13,6,22,21,9,105,-92,5,2,9,9,6,4,6,5,6,2,1,5,2,2,1,3,3,2,2,1,0,4,1,2,2,4,3,2,0,1,3,3,1,0,1,1,2,2,3,2,1,0,0,1,2,-1,1,1,0,0,1,1,2,1,1,0,1,0,1,0,0,0,0,3,0,0,1,0,0,0,1,1,0,0,0,0,0,0,0,1,0,0,0,3,1,0,1,0,0,0,0,1,1,0,2,0,2,0,1,0,2,0,0,1,0,0,1,0,0,1,0,1,1,1,0,0,0,0,1,1,0,2,0,0,0,0,0,1,0,0,0,0,0,0,0,0,0,1,1,1,2,1,0,0,1,0,0,0,0,0,1,0,0,1,0,0,1,1,0
11429,0,111,22,26,0,59,21,30,50,14,40,12,27,20,15,16,16,18,13,17,10,28,26,13,130,-110,9,3,5,9,8,10,4,3,3,4,3,8,7,8,1,6,1,2,0,3,-2,2,1,8,2,2,5,3,0,6,2,5,1,1,0,3,3,2,2,2,4,2,5,3,5,2,1,2,2,1,0,1,0,3,6,1,2,2,0,1,0,2,0,2,2,2,3,1,0,1,2,1,4,1,2,1,0,2,0,1,0,0,2,1,1,1,1,3,0,0,0,4,3,1,0,1,0,-1,0,1,1,1,0,-1,2,0,0,1,1,0,0,0,2,0,0,0,1,0,1,0,2,0,0,2,0,1,0,0,0,3,0,0,1,0,2,2,2,0,1,0,0,5,2,2,0,0,0,1,1,-1,1,2,2,2,2,2,1,4,3
11432,0,43,23,31,0,88,11,109,63,14,56,29,37,28,37,45,22,36,25,31,20,44,61,34,237,-179,30,31,30,23,19,13,23,14,11,15,2,24,19,10,10,7,7,20,17,4,12,5,5,3,12,6,4,6,2,9,6,4,1,10,1,4,10,2,9,12,4,6,4,6,4,4,2,2,3,5,3,4,5,3,6,0,1,1,3,0,1,3,5,2,4,2,1,2,2,4,3,1,3,2,3,0,1,1,6,3,0,1,1,-1,1,3,-1,5,0,1,2,1,1,2,3,4,3,2,1,0,2,1,5,1,1,3,6,2,4,11,7,-1,6,4,1,4,2,1,2,4,0,1,1,2,2,2,0,2,0,2,1,2,-1,4,2,4,2,9,2,6,8,8,2,8,3,2,4,5,3,3,2,5,6,3,2,3,6,10,5
11433,0,71,13,23,0,46,15,71,29,9,45,16,22,14,21,27,16,19,17,14,11,25,23,20,130,-100,13,6,12,12,9,8,12,2,6,4,3,4,4,3,1,6,8,7,8,0,1,7,1,6,1,1,3,3,1,5,4,3,5,6,2,1,2,3,1,2,3,2,1,0,3,4,2,0,2,3,4,0,3,1,1,2,0,1,0,3,0,0,2,2,0,1,1,0,1,2,-1,3,1,6,-2,1,0,0,1,0,1,0,2,2,0,3,1,2,0,1,1,2,0,3,0,0,0,3,1,2,1,1,2,3,1,2,1,0,1,4,1,2,1,1,0,1,2,2,0,1,1,1,1,0,1,2,0,0,1,0,0,0,0,0,0,1,0,2,0,0,2,2,1,1,1,0,1,0,3,0,0,0,2,0,3,3,3,0,1
11434,0,178,48,51,0,117,33,110,73,29,63,39,55,36,45,49,37,35,25,34,18,48,56,32,274,-223,16,13,22,17,12,15,15,9,33,33,3,21,31,8,3,13,8,9,12,9,24,7,8,6,8,8,5,7,4,8,6,11,10,7,3,6,3,3,8,10,2,6,5,4,2,5,10,2,1,2,2,1,2,4,7,2,6,0,2,2,1,1,3,3,1,3,1,9,2,7,0,3,1,4,1,0,0,2,2,5,2,0,2,2,1,3,0,2,1,0,2,1,3,3,2,2,1,1,2,2,3,0,0,1,0,2,1,6,0,0,2,2,1,3,1,1,1,2,2,-1,2,2,3,2,2,3,1,3,0,0,3,0,2,1,0,4,1,2,0,1,1,1,0,1,1,3,2,2,2,0,3,0,2,4,0,2,1,2,2
11435,0,116,32,44,0,65,17,82,58,19,70,29,36,23,34,32,30,29,20,28,18,56,48,36,244,-190,19,10,24,20,20,19,9,14,17,11,12,11,13,15,5,8,2,13,9,8,7,4,7,4,7,3,4,6,8,8,6,1,3,5,0,2,3,0,3,3,1,2,2,10,3,3,3,2,1,3,3,5,1,2,4,0,3,1,3,3,1,3,0,7,3,3,1,3,1,0,1,4,1,0,0,0,1,2,1,1,4,2,3,3,0,2,-2,4,1,3,2,2,0,1,1,2,0,4,0,2,0,0,1,2,1,4,3,1,2,1,4,2,3,1,1,1,0,2,3,4,3,5,0,0,0,1,2,4,2,2,3,4,2,5,0,4,6,0,2,2,0,5,6,0,1,1,3,2,2,2,3,-1,3,6,5,3,1,4,4
11436,0,37,11,12,0,26,8,23,23,5,24,11,12,11,8,9,9,13,8,7,7,20,20,11,65,-55,3,5,10,5,6,1,4,5,2,4,0,3,6,3,1,2,1,6,1,1,1,1,2,1,1,2,2,0,1,2,2,3,0,0,0,0,2,4,1,0,0,1,1,3,3,1,0,0,1,1,1,1,0,1,1,0,1,2,1,0,0,0,1,0,0,0,2,2,0,2,4,1,1,3,2,0,1,2,-1,1,1,1,0,2,0,0,-1,3,1,0,2,0,3,1,1,0,0,1,2,0,0,0,1,0,0,0,0,0,0,1,0,0,2,1,0,0,0,0,1,0,0,0,1,0,1,0,0,0,1,0,0,0,0,0,0,1,4,0,0,0,1,0,0,0,0,1,0,0,0,2,0,1,0,4,0,-1,2,0,1
11691,0,180,44,53,0,109,39,80,52,26,92,44,60,87,50,65,42,37,29,18,30,76,41,48,285,-228,24,17,33,22,17,15,12,15,13,24,16,12,16,18,7,9,11,11,24,27,14,6,7,9,10,2,8,13,3,13,11,19,10,8,4,5,10,8,9,11,7,7,8,11,5,5,7,7,13,12,10,2,4,6,10,5,6,4,11,8,1,4,14,-1,4,5,2,0,6,6,3,2,1,2,1,0,3,3,7,5,1,0,2,0,1,2,7,5,0,2,2,9,4,2,6,0,0,3,5,4,8,1,5,2,6,1,2,3,1,6,5,4,2,4,5,2,4,4,4,1,12,5,7,2,5,5,12,3,6,9,3,2,6,7,10,7,8,4,17,4,3,7,10,6,9,3,11,6,12,10,21,12,11,10,12,32,13,5,4
11692,0,45,14,13,0,32,12,20,21,10,20,13,22,11,9,16,8,16,2,5,9,16,22,11,66,-50,5,2,1,5,4,6,14,13,1,4,0,5,3,3,1,0,5,5,4,1,0,1,2,1,0,4,4,2,6,2,4,3,0,2,5,2,4,2,1,4,0,0,1,4,1,5,4,0,2,2,2,1,2,1,3,5,1,0,1,0,3,2,1,0,0,1,1,5,0,0,1,0,2,2,0,0,2,1,1,2,1,0,1,1,0,1,2,1,0,0,0,2,0,0,0,1,1,3,0,1,0,2,1,2,2,0,2,1,0,4,1,1,1,1,0,0,0,0,0,0,0,1,0,1,0,1,1,2,0,1,-1,0,0,2,2,1,7,1,0,0,0,0,2,1,1,0,0,0,0,0,0,1,2,0,1,0,2,0,2
11693,0,30,4,11,0,16,7,13,17,1,12,8,15,8,7,4,9,8,1,5,2,3,4,4,41,-35,1,2,1,1,3,4,1,1,1,1,0,1,1,2,0,0,0,3,5,0,4,1,0,0,5,1,1,0,0,0,0,1,0,0,2,1,1,0,0,0,0,1,0,0,0,0,3,0,0,0,2,0,1,0,0,1,0,2,0,0,2,0,0,0,0,0,1,0,0,1,1,0,0,0,1,1,0,0,2,0,-1,0,0,0,1,0,1,-1,0,0,0,0,0,1,1,0,1,0,0,0,0,0,0,0,0,0,0,1,0,0,0,0,0,0,0,0,0,0,0,0,0,0,0,1,0,0,0,0,0,0,0,0,0,1,0,0,1,0,1,1,0,0,1,0,0,0,0,-1,0,0,0,0,2,2,1,2,0,0,0
11694,0,45,13,25,0,41,10,25,28,12,18,11,13,21,14,11,20,8,7,10,9,19,37,11,85,-67,7,7,12,10,4,5,8,1,4,0,0,4,14,3,1,2,3,2,2,0,4,3,0,3,13,2,2,2,1,3,3,1,0,0,0,0,2,0,3,1,0,0,3,0,3,5,4,3,2,1,1,0,1,1,9,3,1,4,1,1,0,0,0,0,0,1,2,2,0,0,1,2,1,0,2,1,0,0,0,0,-1,1,0,1,1,1,0,1,0,2,1,1,2,0,1,0,0,1,0,0,1,0,0,0,0,3,2,0,1,0,0,1,1,2,0,1,0,2,4,0,0,0,0,0,1,1,1,0,2,1,0,0,0,1,0,1,1,2,1,-1,0,2,2,0,0,0,0,1,1,0,1,1,0,3,0,2,1,1,2
11697,0,5,1,3,0,10,0,8,0,11,0,0,2,4,2,1,1,0,0,0,0,1,4,1,18,-16,0,0,0,1,1,2,0,0,0,1,0,0,0,0,0,0,0,0,3,3,2,1,0,1,4,1,3,0,0,0,2,0,1,0,0,0,0,1,0,0,0,0,0,0,0,0,0,0,0,0,0,0,0,1,0,0,0,0,0,0,0,0,0,0,0,1,0,0,0,0,0,0,0,0,0,0,0,0,0,1,0,0,0,0,0,0,-1,1,0,0,0,0,0,0,0,0,0,0,0,0,1,1,0,0,0,0,0,0,0,0,0,0,0,1,0,0,0,0,0,0,0,0,1,0,0,0,0,0,0,1,0,1,0,1,2,0,0,0,1,1,0,0,0,1,0,0,0,0,0,0,0,0,0,0,1,0,0,0,0
