MODIFIED_ZCTA,18-May-2020,19-May-2020,20-May-2020,21-May-2020,22-May-2020,23-May-2020,24-May-2020,25-May-2020,26-May-2020,27-May-2020,28-May-2020,29-May-2020,30-May-2020,31-May-2020,01-Jun-2020,02-Jun-2020,03-Jun-2020,04-Jun-2020,05-Jun-2020,06-Jun-2020,07-Jun-2020,08-Jun-2020,09-Jun-2020,10-Jun-2020,11-Jun-2020,12-Jun-2020,13-Jun-2020,14-Jun-2020,15-Jun-2020,16-Jun-2020,17-Jun-2020,18-Jun-2020,19-Jun-2020,20-Jun-2020,21-Jun-2020,22-Jun-2020,23-Jun-2020,24-Jun-2020,25-Jun-2020,26-Jun-2020,27-Jun-2020,28-Jun-2020,30-Jun-2020,01-Jul-2020,02-Jul-2020,03-Jul-2020,04-Jul-2020,05-Jul-2020,06-Jul-2020,07-Jul-2020,08-Jul-2020,09-Jul-2020,10-Jul-2020,11-Jul-2020,12-Jul-2020,13-Jul-2020,14-Jul-2020,15-Jul-2020,16-Jul-2020,17-Jul-2020,18-Jul-2020,19-Jul-2020,20-Jul-2020,21-Jul-2020,22-Jul-2020,23-Jul-2020,24-Jul-2020,25-Jul-2020,26-Jul-2020,27-Jul-2020,28-Jul-2020,29-Jul-2020,30-Jul-2020,31-Jul-2020,01-Aug-2020,02-Aug-2020,03-Aug-2020,04-Aug-2020,05-Aug-2020,06-Aug-2020,07-Aug-2020,08-Aug-2020,09-Aug-2020,10-Aug-2020,11-Aug-2020,12-Aug-2020,13-Aug-2020,14-Aug-2020,15-Aug-2020,16-Aug-2020,17-Aug-2020,18-Aug-2020,19-Aug-2020,20-Aug-2020,21-Aug-2020,22-Aug-2020,23-Aug-2020,24-Aug-2020,25-Aug-2020,26-Aug-2020,27-Aug-2020,28-Aug-2020,29-Aug-2020,30-Aug-2020,31-Aug-2020,01-Sep-2020,02-Sep-2020,03-Sep-2020,04-Sep-2020,05-Sep-2020,07-Sep-2020,08-Sep-2020,09-Sep-2020,10-Sep-2020,11-Sep-2020,12-Sep-2020,14-Sep-2020,15-Sep-2020,16-Sep-2020,17-Sep-2020,18-Sep-2020,19-Sep-2020,20-Sep-2020,21-Sep-2020,22-Sep-2020,23-Sep-2020,24-Sep-2020,25-Sep-2020,26-Sep-2020,27-Sep-2020,28-Sep-2020,29-Sep-2020,30-Sep-2020,01-Oct-2020,02-Oct-2020,03-Oct-2020,04-Oct-2020,05-Oct-2020,06-Oct-2020,07-Oct-2020,08-Oct-2020,09-Oct-2020,10-Oct-2020,11-Oct-2020,12-Oct-2020,13-Oct-2020,14-Oct-2020,15-Oct-2020,16-Oct-2020,17-Oct-2020,18-Oct-2020,19-Oct-2020,20-Oct-2020,21-Oct-2020,22-Oct-2020,23-Oct-2020,24-Oct-2020,25-Oct-2020,26-Oct-2020,27-Oct-2020
10001,17,17,17,17,17,17,18,18,18,19,20,21,21,21,21,21,21,21,21,21,21,21,21,21,21,21,21,21,21,21,22,22,22,22,22,22,22,22,23,23,23,23,23,23,23,23,23,24,24,24,24,24,24,24,24,24,24,24,24,24,24,24,24,24,24,25,25,25,25,25,25,25,25,25,25,25,25,25,25,25,25,26,26,26,26,26,26,26,26,26,26,26,26,26,26,26,26,26,26,26,26,26,26,26,26,26,26,26,26,26,26,26,26,26,26,26,26,26,26,26,26,26,26,26,26,26,26,27,27,27,27,27,27,27,27,27,27,27,27,27,27,27,27,27,27,27,27,28,28,28,28,28,28,28,28,28,28,28,28,28
10002,138,139,140,141,142,143,143,143,143,143,143,143,143,145,145,145,145,146,147,148,149,149,149,149,149,151,152,152,152,152,152,152,152,152,152,152,152,151,152,154,154,154,158,158,158,158,158,158,158,157,157,157,158,158,158,158,158,159,159,159,160,160,160,160,160,160,160,160,160,160,160,160,160,160,160,160,160,160,160,160,161,160,161,161,161,161,161,161,161,161,161,161,161,161,161,161,161,161,161,161,161,161,161,161,161,161,161,161,161,161,161,161,161,161,161,161,161,161,161,161,161,161,161,161,161,161,161,161,161,161,161,161,161,161,161,161,161,161,161,161,161,161,161,161,161,161,161,161,161,161,161,161,161,161,160,160,160,160,160,160
10003,30,30,30,30,30,30,30,30,30,30,30,31,32,32,32,32,32,32,33,33,33,33,33,33,33,33,33,33,33,34,34,34,34,34,34,34,34,33,33,33,33,33,33,33,34,34,34,34,34,34,34,34,34,34,34,34,34,34,34,34,34,34,34,34,34,34,34,34,34,34,34,34,34,34,34,34,34,34,34,34,34,34,34,34,34,34,34,34,34,34,34,34,35,35,35,35,35,35,35,35,35,35,35,35,35,35,35,35,36,36,36,36,36,36,36,35,35,35,35,35,35,35,35,35,35,35,35,35,35,35,35,35,35,35,35,35,35,35,35,35,35,35,35,35,35,35,35,35,35,35,35,35,35,35,35,35,35,35,35,35
10004,1,1,1,1,1,1,1,1,1,1,1,1,1,1,1,1,1,1,1,1,1,1,1,1,1,1,1,1,1,1,1,1,1,1,1,1,1,1,1,1,1,1,1,1,1,1,1,1,1,1,1,1,1,1,1,1,1,1,1,1,1,1,1,1,1,1,1,1,1,1,1,1,1,1,1,1,1,1,1,1,1,1,1,1,1,1,1,1,1,1,1,1,1,1,1,1,1,1,1,1,1,1,1,1,1,1,1,1,1,1,1,1,1,1,1,1,1,1,1,1,1,1,1,1,1,1,1,1,1,1,1,1,1,1,1,1,1,1,1,1,1,1,1,1,1,1,1,1,1,1,1,1,1,1,1,1,1,1,1,1
10005,1,2,2,2,2,2,2,2,2,2,2,2,2,2,2,2,2,2,2,2,2,2,2,2,2,2,2,2,2,2,2,2,2,2,2,2,2,2,2,2,2,2,2,2,2,2,2,2,2,2,2,2,2,2,2,2,2,2,2,2,2,2,2,2,2,2,2,2,2,2,2,2,2,2,2,2,2,2,2,2,2,2,2,2,2,2,2,2,2,2,2,2,2,2,2,2,2,2,2,2,2,2,2,2,2,2,2,2,2,2,2,2,2,2,2,2,2,2,2,2,2,2,2,2,2,2,2,2,2,2,2,2,2,2,2,2,2,2,2,2,2,2,2,2,2,2,2,2,2,2,2,2,2,2,2,2,2,2,2,2
10006,0,0,0,0,0,0,0,0,0,0,0,0,0,0,0,0,0,0,0,0,0,0,0,0,0,0,0,0,0,0,0,0,0,0,0,0,0,0,0,0,0,0,0,0,0,0,0,0,0,0,0,0,0,0,0,0,0,0,0,0,0,0,0,0,0,0,0,0,0,0,0,0,0,0,0,0,0,0,0,0,0,0,0,0,0,0,0,0,0,0,0,0,0,0,0,0,0,0,0,0,0,0,0,0,0,0,0,0,0,0,0,0,0,0,0,0,0,0,0,0,0,0,0,0,0,0,0,0,0,0,0,0,0,0,0,0,0,0,0,0,0,0,0,0,0,0,0,0,0,0,0,0,0,0,0,0,0,0,0,0
10007,3,3,3,3,3,3,3,3,3,3,3,3,3,3,3,3,3,3,3,3,3,3,3,3,3,3,3,3,3,3,3,3,3,3,3,3,3,3,3,3,3,3,3,3,3,3,3,3,3,3,3,3,3,3,3,3,3,3,3,3,3,3,3,3,3,3,3,3,3,3,3,3,3,3,3,3,3,3,3,3,3,3,3,3,3,3,3,3,3,3,3,3,3,3,3,3,3,3,3,3,3,3,3,3,3,3,3,3,3,3,3,3,3,3,3,3,3,3,3,3,3,3,3,3,3,3,3,3,3,3,3,3,3,3,3,3,3,3,3,3,3,3,3,3,3,3,3,3,3,3,3,3,3,3,3,3,3,3,3,3
10009,63,63,64,65,65,65,65,65,65,65,65,65,65,65,65,65,65,65,65,65,65,65,65,66,66,66,66,66,66,66,66,66,66,66,66,67,67,67,67,67,67,67,68,68,68,68,68,68,69,69,69,69,69,69,69,69,69,69,69,69,69,69,69,69,69,69,69,69,69,69,69,69,69,69,69,69,69,69,69,69,69,69,69,69,69,69,69,69,69,69,69,69,69,69,69,69,69,69,69,69,69,69,69,69,69,69,69,69,70,70,70,70,70,70,70,70,70,70,70,70,70,70,70,70,70,70,70,70,70,70,70,70,70,70,70,70,70,70,70,70,70,70,70,70,70,70,70,70,70,70,70,70,70,70,70,70,70,70,70,70
10010,20,20,20,20,20,20,20,20,20,20,20,20,20,20,20,20,20,20,20,20,20,20,20,20,20,20,20,20,20,20,20,20,20,20,20,20,20,20,20,20,20,20,19,19,19,19,19,19,19,19,19,19,19,19,19,19,19,19,19,19,19,19,19,19,19,19,19,19,19,19,19,19,19,19,19,19,19,19,19,19,19,19,19,19,19,19,19,19,19,19,19,19,19,19,19,19,19,19,19,19,19,19,19,19,19,19,19,19,19,19,19,19,19,19,19,19,19,19,19,19,19,19,19,19,19,19,19,19,19,19,19,19,19,19,19,19,19,19,19,19,19,19,19,19,19,19,19,19,19,19,19,19,19,19,19,19,19,19,19,19
10011,33,33,33,33,33,33,33,33,34,34,35,35,35,35,35,35,35,36,37,37,37,37,37,37,37,37,37,37,37,37,37,37,37,37,37,37,37,37,37,37,37,37,40,40,40,41,41,41,41,41,41,41,41,41,42,42,42,43,43,43,43,43,43,43,43,43,43,43,43,43,43,43,43,43,43,43,43,43,43,43,43,43,43,43,43,43,43,43,43,43,43,43,43,43,44,44,44,44,44,44,44,44,44,44,44,44,44,44,44,44,44,44,44,44,44,44,44,44,44,44,44,44,44,44,43,43,43,43,43,43,43,43,43,43,43,43,43,43,43,43,43,43,43,43,43,43,43,43,43,43,43,43,43,43,43,43,43,43,43,43
10012,7,7,7,7,7,7,7,7,7,7,7,7,7,7,8,8,9,9,9,9,9,9,9,9,9,9,9,9,9,9,9,9,9,9,9,9,9,9,9,9,9,9,9,9,9,9,9,9,9,9,9,9,9,9,9,9,9,9,9,9,9,9,9,9,9,9,9,9,9,9,9,9,9,9,9,9,9,9,9,9,9,9,9,9,9,9,9,9,9,9,9,9,9,9,9,9,9,9,9,9,9,9,9,9,9,9,9,9,9,9,9,9,9,9,9,9,9,9,9,9,9,9,9,9,9,9,9,9,9,9,9,9,9,9,9,9,9,9,9,9,9,9,9,9,9,9,9,9,9,9,9,9,9,9,9,9,9,9,9,9
10013,18,18,18,18,18,19,19,19,19,19,19,19,19,19,20,20,20,20,20,20,20,20,20,20,20,20,20,20,20,20,21,21,21,21,21,21,21,21,21,21,21,21,21,21,21,21,21,21,21,21,21,21,21,21,21,21,21,21,21,21,21,21,21,21,21,21,21,21,21,21,21,21,21,21,21,21,21,21,21,21,21,21,21,21,21,21,21,21,21,21,21,21,21,21,21,21,21,21,21,21,21,21,21,21,21,21,21,21,21,21,21,21,21,21,21,21,21,21,21,21,21,21,21,21,21,21,22,22,22,22,22,22,22,22,22,22,22,22,22,22,22,22,22,22,22,22,22,22,22,22,22,22,22,22,22,22,22,22,22,22
10014,23,23,24,24,24,24,24,24,24,24,24,24,24,24,24,24,24,24,24,24,24,24,24,24,24,24,24,24,24,24,24,24,24,24,24,24,24,24,24,24,24,24,26,26,26,26,26,27,27,28,28,28,28,28,28,28,28,28,28,28,28,28,29,29,29,29,29,29,29,29,29,29,29,29,29,29,29,29,29,29,29,29,29,29,29,29,29,29,29,29,29,29,29,29,29,29,29,29,29,29,29,29,29,29,29,29,29,29,29,29,29,30,30,30,30,30,30,30,30,30,30,29,29,29,29,29,29,29,29,29,29,29,29,29,29,29,29,29,29,29,29,29,29,29,29,29,29,29,29,29,29,29,29,29,29,29,29,29,29,29
10016,46,46,47,47,47,48,48,48,48,48,48,48,48,48,48,48,48,48,48,48,48,48,48,48,48,48,48,48,48,48,48,48,48,48,50,50,50,49,49,49,49,49,49,49,49,49,49,49,49,49,49,49,49,49,49,49,49,49,49,49,49,49,49,49,49,49,49,49,49,49,49,49,49,49,49,49,49,49,49,49,49,49,50,50,50,50,50,50,50,50,50,50,50,50,50,50,50,50,50,50,50,50,50,50,50,50,50,50,50,50,50,50,50,50,50,50,50,50,50,50,50,49,49,49,49,49,49,49,49,49,49,49,49,49,49,49,49,49,49,49,49,49,49,49,49,49,49,49,49,49,49,49,49,49,49,49,49,49,49,49
10017,5,5,5,5,5,5,5,5,5,5,5,5,5,5,5,5,6,6,6,6,6,6,6,6,6,6,6,6,6,6,6,6,6,6,6,6,6,6,6,6,6,6,7,7,7,7,7,8,8,8,8,8,8,8,8,8,8,8,8,8,8,8,8,8,8,8,8,8,8,8,8,8,8,8,8,8,8,8,8,8,8,8,8,8,8,8,8,8,8,8,8,8,8,8,8,8,8,8,8,8,8,8,8,8,8,8,8,8,8,8,8,8,8,8,8,8,8,8,8,8,8,8,8,8,8,8,8,8,8,8,8,8,8,8,8,8,8,8,8,8,8,8,8,8,8,8,8,8,8,8,8,8,8,8,8,8,8,8,8,8
10018,3,3,3,3,3,3,3,3,3,3,3,3,3,3,3,3,3,3,3,3,3,3,3,3,3,3,3,3,3,3,3,3,3,3,3,3,3,3,3,3,3,3,4,4,4,4,4,5,5,5,5,5,5,5,5,5,5,5,5,5,5,5,5,5,5,5,5,5,5,5,5,5,5,5,5,5,5,5,5,5,5,5,5,5,5,5,5,5,5,5,5,5,5,5,5,5,5,5,5,5,5,5,5,5,5,5,5,5,5,5,5,5,5,5,5,5,5,5,5,5,5,6,6,6,6,6,6,6,6,6,6,6,6,6,6,6,6,6,6,6,6,6,6,6,6,6,6,6,6,6,6,6,6,6,6,6,6,6,6,6
10019,42,42,44,43,43,43,43,43,43,43,43,43,43,43,43,43,43,43,43,43,43,43,43,43,43,43,43,43,43,43,43,43,43,43,43,44,44,44,44,45,45,45,42,42,42,42,42,42,42,42,42,42,42,42,42,42,42,42,42,42,42,42,42,41,41,41,41,41,41,42,42,42,42,42,42,42,42,42,42,42,42,42,42,42,42,42,42,42,42,42,42,42,42,42,42,42,42,42,42,42,42,42,42,42,42,42,42,42,42,42,42,42,42,42,42,42,42,42,42,42,42,42,42,42,42,42,42,42,42,42,42,42,42,42,42,42,42,42,42,42,42,42,42,42,42,42,42,42,42,42,42,42,42,42,42,42,42,42,42,42
10021,57,57,57,58,58,58,58,58,59,59,60,61,61,61,61,61,61,61,62,62,62,62,62,62,63,64,64,64,64,64,64,64,64,64,64,64,64,64,64,65,65,65,66,66,66,65,65,65,65,65,65,65,65,65,65,65,65,65,65,65,65,65,65,65,65,64,64,64,64,64,64,64,64,64,64,64,64,64,64,64,64,64,64,64,64,64,64,65,65,65,65,65,65,65,65,65,65,65,65,65,65,65,65,65,65,65,65,65,65,65,65,65,65,65,65,65,65,65,65,65,65,65,65,65,65,65,65,65,65,65,65,65,65,65,65,65,65,65,65,65,65,65,65,65,65,65,65,65,65,65,65,65,65,65,65,65,65,65,65,65
10022,25,25,25,25,25,25,26,26,26,26,26,26,26,26,26,26,26,26,26,26,26,26,26,26,26,26,26,26,26,26,26,26,27,27,28,28,28,29,29,29,29,29,30,30,30,30,30,30,30,30,30,30,30,30,30,30,30,30,30,30,30,30,30,30,30,31,31,31,31,31,31,31,31,31,31,31,31,32,32,32,32,32,32,32,32,32,32,32,32,32,32,32,32,32,32,32,32,32,32,32,32,32,32,32,32,32,32,32,32,32,32,32,32,32,32,32,32,32,32,32,32,32,32,32,32,32,32,32,32,32,32,32,32,32,32,33,33,33,33,33,33,33,33,33,33,33,33,33,33,33,33,33,33,33,33,33,33,33,33,33
10023,50,50,50,51,51,51,51,51,52,52,52,52,52,52,52,52,52,52,52,52,52,52,52,52,52,52,52,52,52,52,52,52,52,52,52,52,52,52,52,52,52,52,53,53,53,53,53,53,53,53,53,53,53,53,53,53,53,53,53,53,53,53,54,54,54,54,54,54,54,54,54,54,54,54,54,54,54,54,54,54,54,54,54,54,54,54,54,54,54,54,54,54,54,54,54,54,54,54,54,54,53,53,53,53,53,53,53,53,53,53,53,53,53,53,53,53,53,53,53,53,53,53,53,53,53,53,53,53,53,53,53,53,53,53,53,53,53,53,53,53,53,53,53,53,53,53,53,53,53,53,53,54,54,54,54,54,54,54,54,54
10024,62,62,64,65,65,65,65,65,66,66,67,67,67,67,67,67,67,67,67,67,67,67,68,68,68,68,68,68,68,68,68,68,68,68,68,68,69,68,68,68,68,68,70,70,72,72,72,72,72,72,71,71,72,72,72,72,72,72,72,72,72,73,73,73,73,74,74,74,74,74,74,74,74,75,75,75,75,75,75,75,75,75,75,75,75,75,75,75,75,75,75,75,75,75,75,75,75,75,75,75,75,75,75,75,75,75,75,75,75,75,75,75,75,75,75,75,75,75,75,75,75,75,75,75,75,75,75,75,75,75,75,75,75,75,75,75,75,75,75,75,75,75,75,75,75,75,75,75,75,75,75,75,75,75,75,75,75,75,75,75
10025,144,144,144,146,147,148,150,150,151,152,153,153,155,158,159,159,160,161,161,163,163,164,164,166,167,167,167,167,167,167,167,167,168,169,169,169,169,169,169,170,172,172,171,171,172,171,171,171,171,171,171,171,171,172,172,172,172,172,172,172,172,172,173,174,174,174,175,175,176,176,176,176,176,176,176,176,176,176,176,176,176,177,177,177,177,177,177,177,177,177,178,178,178,178,178,178,178,178,178,178,178,178,178,178,178,178,178,178,178,178,178,178,178,178,179,178,178,178,178,178,178,179,179,179,179,179,179,179,179,179,179,179,179,180,180,180,180,180,180,180,180,180,180,180,180,180,180,180,180,180,181,181,181,181,181,181,181,181,181,181
10026,37,37,38,38,38,38,37,37,37,37,37,37,37,37,37,37,37,37,37,37,38,38,38,38,38,38,38,39,39,40,40,41,41,41,41,41,41,41,41,41,41,42,45,45,47,47,47,47,47,47,47,47,47,47,47,47,47,47,47,47,47,47,47,47,47,47,47,47,47,47,47,47,47,47,47,47,47,47,47,47,47,47,47,47,47,47,47,47,47,47,47,47,47,47,47,47,47,47,47,47,47,47,48,48,48,48,48,48,48,48,48,48,48,48,48,48,48,48,48,48,48,48,48,48,48,48,48,48,49,49,49,49,49,49,49,49,49,49,49,49,49,49,49,49,49,49,49,49,49,49,49,50,50,50,50,50,50,50,50,50
10027,96,97,97,97,98,99,99,99,99,99,98,98,99,100,101,101,101,101,101,101,102,102,102,103,103,103,103,103,103,103,104,104,105,105,105,105,105,105,105,105,105,105,109,109,109,109,110,110,110,111,111,111,111,112,112,113,113,113,113,113,113,113,113,113,113,113,113,113,113,113,113,113,113,113,113,113,113,113,113,113,113,113,113,113,113,113,113,113,113,113,113,113,113,113,113,113,113,113,113,113,113,114,114,113,114,114,114,113,114,114,114,114,114,114,114,113,113,113,113,113,113,113,113,113,113,113,113,113,113,113,113,114,114,114,114,114,114,114,114,114,114,114,114,114,114,115,115,115,115,115,115,115,115,115,115,115,115,115,115,116
10028,28,28,29,29,29,29,29,29,29,29,29,29,29,29,29,29,29,29,29,29,29,29,30,30,30,30,30,30,30,30,30,30,30,30,30,30,30,30,30,30,30,30,31,31,31,31,31,31,31,31,31,31,31,31,31,31,31,31,31,31,32,32,32,32,32,33,32,32,33,33,33,33,33,33,33,33,33,33,33,33,33,33,33,33,33,33,34,34,34,34,34,34,34,34,34,34,34,34,34,34,34,34,34,34,34,34,34,34,34,34,34,34,34,34,34,34,34,34,34,34,34,34,34,34,34,34,34,34,34,34,34,34,34,35,35,34,34,34,34,34,34,34,34,34,34,34,34,34,34,34,34,34,34,34,34,34,34,34,34,34
10029,182,183,184,187,188,188,189,189,191,191,191,191,191,192,194,194,195,196,196,196,197,197,198,198,198,198,198,198,198,198,199,200,201,201,201,201,202,201,202,202,202,202,206,207,207,207,207,207,207,208,209,209,209,209,209,210,211,211,211,211,211,211,211,211,211,211,211,211,211,212,212,212,212,212,212,212,212,212,212,212,212,212,212,212,212,212,212,212,212,213,213,213,213,213,213,213,213,213,213,213,213,213,213,213,213,213,213,213,213,213,213,213,213,213,213,213,213,212,212,212,212,212,212,212,212,212,212,212,212,212,212,212,212,212,212,212,212,212,212,212,212,212,212,212,212,212,212,212,212,212,212,212,212,212,212,212,212,212,212,212
10030,43,44,44,44,45,45,46,46,47,47,47,47,49,49,48,48,48,48,48,48,50,50,50,50,50,50,51,52,52,52,52,52,52,52,52,52,52,52,52,52,52,52,53,53,53,53,53,53,54,54,54,54,54,54,54,56,56,56,56,56,56,56,56,56,56,56,55,55,55,55,55,55,55,55,55,55,55,55,56,56,56,56,56,56,56,56,56,56,56,56,56,56,56,56,56,57,57,57,57,57,57,57,57,57,57,57,57,57,57,57,57,57,57,57,57,57,57,57,57,57,57,57,57,57,57,57,57,57,57,57,58,58,58,58,58,58,58,58,58,58,58,58,58,58,58,58,58,58,58,58,58,58,58,58,58,58,58,58,58,58
10031,112,112,112,115,115,116,116,116,116,116,116,117,117,117,116,116,116,118,119,120,120,120,120,120,120,120,120,120,120,120,120,120,121,122,123,123,123,122,122,122,122,122,129,129,129,129,129,129,129,129,128,129,129,129,129,129,130,131,131,131,131,131,131,131,131,131,131,131,131,131,131,131,131,132,132,132,132,132,132,132,132,132,132,132,132,133,133,133,133,133,133,133,133,133,133,133,133,133,133,133,133,133,132,132,132,132,132,132,132,132,132,132,132,132,132,132,132,132,132,132,132,132,133,133,133,133,133,133,133,133,133,133,133,133,133,134,134,134,134,134,134,134,134,134,134,134,134,134,134,134,134,135,135,135,135,135,135,135,135,136
10032,146,147,148,151,151,152,152,152,152,153,153,155,156,156,157,157,157,159,160,162,162,162,162,163,163,163,163,163,164,164,164,164,164,164,164,164,164,164,165,165,165,165,169,169,169,169,169,169,169,169,169,172,172,172,173,173,173,173,173,173,173,173,173,173,174,174,174,174,174,174,174,174,174,174,174,174,174,174,174,174,174,174,174,174,174,174,175,175,175,175,175,175,175,175,175,175,175,175,175,175,175,175,175,175,175,175,175,175,175,175,175,175,175,176,176,176,176,176,176,176,176,176,176,176,176,176,176,176,176,176,176,176,176,176,176,176,175,175,175,175,175,175,175,175,175,175,175,175,175,175,175,175,175,175,175,175,175,175,175,175
10033,107,108,109,110,110,110,110,110,111,111,112,112,113,113,114,114,114,114,114,114,114,114,114,114,114,114,114,114,114,114,114,114,115,115,115,115,115,115,115,115,115,115,116,116,116,116,116,117,118,118,119,119,119,119,119,119,120,120,120,120,120,120,120,120,120,120,119,120,120,120,120,120,120,120,120,120,121,121,121,121,121,121,121,121,121,121,121,121,121,121,121,121,121,121,121,121,121,121,121,121,121,121,121,121,121,121,121,121,121,121,121,122,122,122,122,122,122,122,122,122,122,122,122,122,122,122,122,122,122,122,122,122,122,122,122,122,122,122,122,122,122,122,122,122,122,122,122,123,123,123,123,123,123,123,123,123,123,123,123,123
10034,65,65,65,66,66,66,66,66,67,67,68,68,68,68,68,68,68,68,69,69,69,69,69,69,69,69,69,69,69,69,70,70,70,70,70,70,70,70,70,70,70,70,69,69,69,69,69,69,69,69,69,69,70,70,70,70,70,70,70,70,70,70,70,70,70,71,71,71,71,71,71,71,71,71,71,71,71,71,71,71,71,71,71,71,71,71,71,71,71,71,71,71,71,71,71,71,71,72,72,72,72,72,72,71,72,72,72,72,72,72,72,72,72,72,72,72,72,72,72,72,72,72,72,72,72,72,72,72,72,72,72,72,72,72,72,72,72,72,72,72,72,72,72,72,72,72,72,72,72,72,72,72,72,72,72,72,72,72,72,72
10035,101,102,103,104,105,106,108,108,108,109,110,110,112,112,112,112,112,112,113,113,114,114,114,115,116,119,119,121,121,121,122,122,123,123,123,124,124,125,125,127,127,127,128,128,128,128,128,128,128,129,129,129,129,129,129,131,131,131,133,133,133,133,133,134,134,134,134,134,134,134,134,134,134,134,134,134,135,136,136,136,136,136,136,136,136,136,136,136,136,136,136,136,136,136,136,136,136,136,136,136,136,136,136,136,136,136,136,136,136,136,136,136,136,136,136,136,136,138,138,138,138,138,138,138,138,138,138,138,138,138,138,138,138,138,138,138,138,138,138,138,138,137,137,137,137,137,137,137,137,137,137,137,137,137,137,137,137,137,137,137
10036,33,33,34,34,34,34,34,34,34,35,35,35,35,35,35,35,35,35,35,35,35,35,36,36,36,36,36,36,36,36,36,36,36,36,36,36,36,36,36,37,37,37,38,38,38,38,38,38,38,38,38,39,39,39,39,39,39,39,39,39,39,39,39,39,39,40,40,40,40,40,40,40,40,40,40,40,40,40,40,40,40,40,40,40,40,40,40,40,40,40,40,40,40,40,40,40,40,40,40,40,40,40,40,40,40,40,40,40,40,40,40,40,40,40,40,40,40,40,40,40,40,40,40,40,40,40,40,40,40,40,40,40,40,40,40,40,40,40,40,40,40,40,40,40,40,40,40,40,40,40,40,40,40,40,40,40,40,40,40,40
10037,63,63,63,63,64,64,64,64,64,64,65,65,65,65,65,65,66,66,66,66,66,66,66,67,67,67,67,67,67,67,67,68,68,68,68,68,68,69,70,71,71,72,61,61,61,61,62,63,63,63,63,63,63,63,63,63,63,63,63,63,63,63,63,63,63,63,62,62,62,62,62,62,62,62,62,63,63,63,63,63,63,63,63,63,63,63,63,63,63,63,63,63,63,63,63,63,63,63,63,64,64,64,64,64,64,64,64,64,64,65,65,65,65,65,65,65,65,65,65,65,65,65,65,65,65,65,65,65,65,65,65,65,65,65,65,65,65,65,65,65,65,65,65,65,65,65,65,66,66,66,66,66,66,66,66,66,66,66,66,66
10038,25,25,26,26,26,26,26,26,26,26,27,27,27,27,27,27,27,27,27,27,27,28,28,28,29,29,29,29,29,29,29,29,29,29,29,29,29,28,28,28,28,28,26,26,26,26,26,26,26,26,26,26,26,28,28,28,28,28,28,28,28,28,28,28,28,28,28,28,28,28,28,28,28,28,28,28,28,28,28,28,28,28,28,28,28,28,28,28,28,28,28,28,28,28,28,28,28,28,28,28,28,28,28,28,28,28,28,28,28,28,28,28,28,28,28,28,28,28,28,28,28,28,28,28,28,28,28,28,28,28,28,28,28,28,28,28,28,28,28,28,28,28,28,28,28,28,28,28,28,28,28,28,28,28,28,28,28,28,28,28
10039,49,50,51,51,51,52,53,53,53,53,55,55,55,56,56,56,56,56,57,57,57,58,59,59,59,59,59,59,59,59,59,59,59,59,59,59,59,59,59,59,59,59,62,62,61,61,61,61,61,62,62,63,63,63,63,63,64,64,64,64,64,64,64,64,64,64,64,64,64,64,64,64,64,64,64,64,64,64,64,64,64,64,64,64,64,64,64,64,64,64,64,64,64,64,66,66,66,66,66,66,66,66,66,66,66,66,66,66,66,66,66,66,66,66,66,66,66,66,66,66,66,66,66,66,66,66,66,66,66,66,66,66,66,66,66,66,66,66,66,66,66,66,66,66,66,66,66,66,66,66,66,66,66,66,66,66,66,66,66,66
10040,102,103,103,104,104,105,105,105,105,106,106,106,106,106,106,106,106,108,109,109,109,109,109,111,112,112,112,112,112,112,112,113,113,113,114,114,114,111,111,111,111,111,114,114,114,115,116,118,118,118,118,118,118,118,118,118,118,118,118,118,118,118,118,118,118,118,118,118,118,118,118,118,118,118,118,118,118,118,118,118,118,118,118,119,119,119,119,119,119,119,119,119,119,119,119,119,119,119,119,119,119,119,119,119,119,119,119,119,119,119,119,119,120,120,120,120,120,120,120,120,120,120,120,120,120,120,120,120,120,120,120,120,120,120,120,120,120,120,120,120,120,120,120,120,120,120,120,120,120,120,120,120,120,120,120,120,121,121,121,121
10044,31,31,32,32,32,32,32,32,33,33,33,33,33,33,33,33,33,33,33,33,33,33,33,33,34,34,34,34,34,34,34,34,34,34,34,34,34,34,35,35,35,35,35,35,35,35,35,35,35,35,35,35,36,36,36,36,36,36,36,36,36,36,36,36,36,36,36,36,36,36,36,36,36,36,36,36,36,36,36,36,36,36,36,36,36,36,36,36,36,36,36,36,36,36,36,36,36,36,36,36,36,36,36,36,36,36,36,36,36,36,36,36,36,36,36,36,36,36,36,36,36,36,36,36,36,36,36,36,36,36,36,36,36,36,36,36,36,36,36,36,36,36,36,36,36,36,36,36,36,36,36,36,36,36,36,36,36,36,36,36
10065,24,25,25,25,25,25,25,25,25,25,25,25,25,26,26,26,26,26,26,26,26,26,27,27,27,27,27,27,27,27,27,27,27,27,27,27,27,27,27,27,27,27,28,28,28,28,28,28,28,28,28,28,28,28,28,28,28,28,28,28,28,28,28,28,28,28,28,28,28,28,28,28,28,28,28,28,28,28,28,28,28,28,28,28,28,28,28,28,28,28,28,28,28,28,28,28,28,28,28,28,28,28,28,28,28,28,28,28,28,28,28,28,28,28,28,28,28,28,28,28,28,28,28,28,28,28,28,28,28,28,28,28,28,28,28,28,28,28,28,28,28,28,28,28,28,28,28,28,28,28,28,28,28,28,28,28,28,28,28,28
10069,2,2,2,2,2,2,2,2,2,2,2,2,2,2,2,2,2,2,2,2,2,2,2,2,2,2,2,2,2,2,2,2,2,2,2,2,2,2,2,2,2,2,2,2,2,2,2,2,2,2,2,2,2,2,2,2,2,2,2,2,2,2,2,2,2,2,2,2,2,2,2,2,2,2,2,2,2,2,2,2,2,2,2,2,2,2,2,2,2,2,2,2,2,2,2,2,2,2,2,2,2,2,2,2,2,2,2,2,2,2,2,2,2,2,2,2,2,2,2,2,2,2,2,2,2,2,2,2,2,2,2,2,2,2,2,2,2,2,2,2,2,2,2,2,2,2,2,2,2,2,2,2,2,2,2,2,2,2,2,2
10075,41,42,42,42,44,44,44,44,44,45,45,45,45,45,45,45,45,45,46,46,47,47,46,46,46,46,47,47,47,47,48,48,48,48,48,48,48,48,48,49,49,49,44,44,44,44,45,45,45,45,45,45,45,45,45,45,45,45,45,45,45,45,45,45,45,45,45,45,45,45,45,45,45,45,45,45,45,45,45,45,45,45,45,45,45,45,45,45,45,45,45,45,45,45,45,45,45,45,45,45,45,45,45,45,45,45,45,45,45,45,45,45,45,45,45,45,45,45,45,45,45,45,45,45,45,45,45,45,45,45,45,45,45,45,45,45,45,45,45,45,45,46,46,46,46,46,47,47,47,47,47,47,47,47,47,47,47,47,47,47
10128,34,34,34,34,34,34,34,34,34,34,34,35,35,35,36,36,36,36,36,36,36,36,36,37,37,37,37,37,37,37,37,37,37,37,37,38,38,38,38,38,38,38,41,42,42,42,42,42,42,42,42,42,42,42,42,42,42,42,42,42,42,42,42,41,41,41,41,41,41,41,41,41,41,41,41,41,41,41,41,41,41,41,41,41,41,41,41,41,41,41,41,41,41,41,41,41,41,41,41,41,41,41,41,41,41,41,41,41,41,41,41,41,41,41,41,41,41,41,41,41,41,41,41,41,41,41,41,41,41,41,41,41,41,41,41,41,41,41,41,41,41,41,41,41,41,41,41,41,41,41,41,41,41,41,41,41,41,41,41,41
10280,0,0,0,0,0,0,0,0,0,0,0,0,0,0,0,0,0,0,0,0,0,0,0,0,0,0,0,0,0,0,0,0,0,0,0,0,0,0,0,0,0,0,0,0,0,0,0,0,0,0,0,0,0,0,0,0,0,0,0,0,0,0,0,0,0,0,0,0,0,0,0,0,0,0,0,0,0,0,0,0,0,0,0,0,0,0,0,0,0,0,0,0,0,0,0,0,0,0,0,0,0,0,0,0,0,0,0,0,0,0,0,0,0,0,0,0,0,0,0,0,0,0,0,0,0,0,0,0,0,0,0,0,0,0,0,0,0,0,0,0,0,0,0,0,0,0,0,0,0,0,0,0,0,0,0,0,0,0,0,0
10282,13,14,14,14,14,14,14,14,14,14,15,15,15,15,15,15,15,15,15,15,15,15,15,15,15,15,15,15,15,15,16,16,16,16,16,16,16,15,15,15,15,15,15,15,15,15,15,15,15,15,15,15,15,15,15,15,15,15,15,15,15,15,15,15,15,15,15,15,15,15,15,15,15,15,15,15,15,15,15,15,15,15,15,15,15,15,15,15,15,15,15,15,15,15,15,15,15,15,15,15,15,15,15,15,15,15,15,15,15,15,15,15,15,15,15,15,15,15,15,15,15,14,14,14,14,14,14,14,14,14,14,14,14,14,14,14,14,14,14,14,14,14,14,14,14,14,14,14,14,14,14,14,14,14,14,14,14,14,14,14
10301,95,95,95,96,96,96,98,98,98,98,98,99,99,99,99,99,99,99,99,99,100,100,100,100,100,100,100,100,100,100,100,100,100,100,100,100,100,100,100,101,101,101,103,103,104,105,105,105,105,105,105,105,105,105,105,105,105,105,106,106,106,106,106,106,106,106,106,106,106,106,106,106,106,106,106,106,106,106,106,106,106,106,106,106,106,106,106,106,106,107,107,107,107,107,107,107,107,107,107,107,107,107,107,107,107,107,107,107,107,107,107,107,107,107,107,107,107,107,107,107,107,107,107,107,107,107,107,107,107,107,107,107,107,107,107,107,107,107,108,108,108,108,108,108,108,108,108,108,108,108,108,108,108,108,108,108,108,108,108,108
10302,29,30,30,30,30,30,30,30,30,30,30,30,30,31,31,31,31,31,31,31,31,31,31,31,31,31,31,31,31,31,31,31,31,31,31,31,31,31,31,31,31,31,31,31,31,31,31,31,31,31,31,31,32,32,32,32,32,32,32,32,32,32,32,32,32,32,32,32,32,32,32,32,32,32,32,32,32,32,32,32,32,32,32,32,32,32,32,32,32,32,32,32,32,32,32,32,32,32,32,32,32,32,32,32,32,32,32,32,32,32,32,32,32,32,32,32,32,32,32,32,32,32,32,32,32,32,32,32,32,32,32,32,32,32,32,32,32,32,32,32,32,32,32,32,32,32,32,32,32,32,32,32,32,32,32,32,32,32,32,32
10303,39,39,40,40,41,41,41,41,41,41,41,41,41,41,41,41,41,41,42,43,43,43,43,43,43,43,43,43,43,43,43,44,44,44,44,44,44,44,44,44,44,44,44,44,45,45,46,46,46,46,46,46,45,45,45,45,45,45,45,45,45,45,45,45,45,45,45,45,45,46,46,46,46,46,46,46,47,47,47,47,47,47,47,47,47,47,47,47,47,47,47,47,47,47,47,47,47,47,47,47,47,47,47,47,47,47,47,47,47,47,47,47,47,47,47,47,47,47,47,47,47,47,47,47,47,47,47,47,47,47,47,47,47,47,47,47,47,47,47,47,47,47,47,47,47,47,47,47,47,47,47,47,47,47,47,47,47,47,47,47
10304,150,150,151,151,154,156,156,156,157,157,158,160,163,163,163,163,163,163,163,164,166,166,167,167,167,167,167,167,168,168,168,170,171,171,172,172,172,171,171,172,172,172,173,173,173,173,175,176,176,177,178,178,180,180,180,182,182,182,182,182,182,182,182,182,182,182,182,182,182,182,182,182,182,182,182,182,182,182,182,182,182,182,182,182,182,182,182,182,182,182,182,182,182,182,183,183,183,183,183,183,183,183,183,183,183,183,183,183,183,183,183,183,183,182,182,182,182,182,182,182,182,182,182,182,182,182,182,182,182,182,182,182,182,182,182,182,182,182,182,182,182,182,182,182,182,182,182,182,182,182,182,182,182,182,182,182,182,182,182,182
10305,65,66,68,69,69,73,73,73,73,73,74,74,74,74,74,74,74,74,74,74,74,74,74,75,75,75,75,75,75,75,75,75,75,75,76,76,76,76,78,78,78,78,80,80,80,80,80,80,80,80,80,80,80,80,80,80,80,80,80,80,80,80,80,80,80,80,80,80,80,80,80,80,80,80,80,80,80,80,80,80,80,80,80,80,80,80,80,80,80,80,80,80,80,80,80,80,80,80,80,80,80,80,80,80,80,80,80,81,81,81,81,81,81,81,81,81,81,81,81,81,81,81,81,81,81,81,81,81,81,81,81,81,81,81,81,81,81,81,81,81,81,81,81,81,81,81,81,81,81,81,81,81,81,81,81,81,81,81,81,81
10306,72,72,72,72,72,72,72,72,72,72,74,74,74,74,74,74,74,75,76,77,77,77,77,77,77,77,77,77,77,77,77,77,78,78,78,78,78,78,78,78,78,78,79,79,79,79,79,79,79,80,80,80,81,81,81,82,82,82,82,82,82,82,82,82,82,82,82,82,82,82,82,82,82,82,82,82,82,82,82,82,82,82,82,82,82,82,82,82,82,82,82,82,82,82,82,82,82,82,82,82,83,83,83,83,83,83,83,83,83,83,83,83,83,83,83,83,83,83,83,83,83,83,83,83,83,83,83,83,83,83,83,83,83,83,83,83,83,83,83,83,83,83,83,83,83,83,83,83,83,83,83,83,83,83,83,83,83,83,83,83
10307,14,14,14,14,14,14,14,14,14,14,14,14,14,14,14,14,14,14,14,14,14,14,14,14,14,14,14,14,14,14,14,14,14,14,14,14,14,14,14,14,15,15,16,16,16,16,16,16,16,16,15,15,15,15,15,15,15,15,15,15,15,15,15,15,15,15,15,15,15,15,15,15,15,15,15,15,15,15,15,15,15,15,15,15,15,15,15,15,15,15,15,15,15,15,15,15,15,15,15,15,15,15,15,15,15,15,15,15,15,15,15,15,15,15,15,15,15,15,15,15,15,15,15,15,15,15,15,15,15,15,15,15,15,15,15,15,15,15,15,15,15,15,15,15,15,15,15,15,15,15,15,15,15,15,15,15,15,15,15,15
10308,25,25,25,25,25,25,25,25,25,25,25,25,25,25,25,25,25,25,25,25,25,25,25,25,25,25,25,25,26,26,26,26,26,26,26,26,26,26,26,27,27,27,27,28,28,28,28,28,28,28,28,28,28,28,28,28,28,28,28,28,28,28,28,28,28,28,28,28,28,28,28,28,28,28,28,28,28,28,28,28,28,28,28,28,28,28,28,28,28,28,28,28,28,28,28,28,28,28,28,28,28,28,28,28,28,28,28,28,28,28,28,28,28,28,28,28,28,28,28,28,28,28,28,28,28,28,28,28,28,28,28,28,28,28,28,28,28,28,28,28,28,28,28,28,28,28,28,28,28,28,28,28,28,28,28,29,29,29,29,29
10309,28,28,28,28,28,29,29,29,30,30,30,30,30,30,30,30,30,30,30,30,30,30,30,30,30,30,30,30,30,30,30,30,30,30,30,30,30,30,30,30,30,30,31,31,31,31,31,31,31,31,31,31,31,31,31,31,31,31,31,31,31,31,31,31,31,31,31,31,31,31,31,31,31,31,31,31,31,31,31,31,31,31,31,31,31,31,31,31,31,31,31,31,31,31,31,31,31,32,32,32,32,32,32,32,32,32,32,32,32,32,32,32,32,32,32,32,32,32,32,32,32,32,32,32,32,32,32,32,32,32,32,32,32,32,32,32,32,32,32,32,32,32,32,32,32,32,32,32,32,32,32,32,32,32,32,32,32,32,32,33
10310,28,28,28,29,30,31,31,31,31,31,31,32,32,32,32,32,33,33,34,33,33,33,33,33,33,33,33,33,33,33,33,33,33,33,33,33,33,33,33,32,33,33,33,33,33,33,33,33,33,33,33,33,33,33,33,33,33,33,33,33,33,33,33,33,33,33,33,33,33,33,33,33,33,33,33,33,33,33,33,33,33,33,33,33,33,33,33,33,33,33,33,33,33,33,33,33,33,33,33,33,33,33,33,33,33,33,33,33,33,33,33,33,33,33,33,33,33,33,33,33,34,34,34,34,34,34,34,34,34,34,34,34,34,34,34,34,34,34,34,34,34,34,34,34,34,34,34,34,34,34,35,35,35,35,35,35,35,35,35,35
10312,57,57,57,57,57,57,57,57,57,57,57,57,58,58,58,58,58,59,59,59,59,59,59,59,59,59,59,59,59,59,59,59,59,59,59,59,59,59,59,59,59,59,59,59,59,59,59,59,59,59,59,59,59,59,59,59,59,59,59,59,59,59,59,59,59,59,59,59,59,59,59,59,59,59,59,59,59,59,59,59,59,59,59,59,59,59,59,59,59,59,59,59,59,59,59,59,59,59,59,59,59,59,59,59,59,59,59,59,59,59,59,59,59,59,59,59,59,59,59,59,59,59,59,59,59,59,59,59,59,59,59,59,59,59,59,59,59,59,59,59,59,59,59,59,59,60,60,60,60,60,60,60,60,60,60,60,60,60,60,60
10314,165,166,166,167,169,170,170,170,173,174,175,175,177,180,179,181,181,182,184,185,186,186,186,188,188,189,190,191,191,192,193,193,193,193,193,194,194,194,194,196,196,196,196,196,196,197,198,198,198,198,198,198,198,199,199,201,201,201,202,202,202,202,202,202,202,203,201,201,201,201,201,201,201,201,201,201,201,201,201,201,201,201,201,201,201,201,201,201,201,201,201,201,201,201,201,201,201,201,201,201,201,201,201,201,201,201,201,202,202,202,202,202,202,202,202,202,202,202,202,202,202,202,202,202,202,202,202,203,203,203,203,203,203,203,203,203,203,203,204,204,204,204,204,204,204,204,204,204,204,204,204,204,204,204,205,205,205,205,205,205
10451,144,146,146,145,144,144,144,144,144,145,145,145,145,145,146,146,146,146,147,148,149,149,151,152,152,152,154,154,154,154,154,154,152,152,152,152,152,153,153,153,153,154,145,146,146,146,146,147,147,148,148,148,148,148,148,148,148,148,148,148,148,148,148,148,148,149,149,149,149,149,149,149,149,149,149,150,150,150,150,150,150,150,150,150,150,150,150,151,151,151,152,152,152,152,152,152,152,152,152,152,152,152,152,152,152,152,152,152,152,152,152,152,152,152,152,153,153,153,153,153,153,153,153,153,153,153,153,153,153,153,153,153,153,153,153,153,154,154,154,154,154,154,154,154,154,154,154,154,154,154,154,154,154,154,155,155,155,155,155,155
10452,148,149,151,152,152,152,152,153,153,153,154,154,154,155,155,155,155,155,154,156,156,157,158,158,158,158,158,158,158,158,158,158,159,160,160,160,160,160,160,162,163,164,167,167,167,167,167,167,168,168,168,168,168,168,168,169,169,169,169,169,169,169,169,169,169,169,169,170,170,170,170,170,170,170,170,170,170,170,171,171,171,171,172,172,172,172,172,172,173,174,174,174,175,175,175,175,175,175,175,175,175,176,176,176,176,177,177,177,177,177,177,177,177,177,177,178,178,178,178,178,178,178,178,178,178,178,178,178,178,178,178,178,178,178,178,178,178,178,178,178,178,178,178,178,178,178,178,178,178,178,178,178,178,178,178,178,178,178,178,178
10453,145,146,148,148,153,154,154,154,155,155,156,156,156,157,158,158,158,158,158,158,158,158,158,158,158,158,158,158,158,158,158,158,160,160,161,161,161,159,159,159,159,159,161,161,162,162,162,162,162,162,162,162,162,162,162,163,163,163,163,163,163,163,163,163,163,163,163,163,163,163,164,164,164,164,164,164,164,165,165,165,165,165,165,165,165,165,165,165,165,165,165,165,165,165,165,165,165,165,165,165,165,165,165,165,165,166,166,166,166,166,168,168,168,168,168,167,167,167,167,167,167,167,167,167,167,167,167,167,167,167,167,167,167,167,167,167,167,167,167,168,168,168,168,168,168,168,168,168,168,168,168,168,168,168,169,169,169,169,169,169
10454,97,97,98,98,98,97,99,99,100,100,100,100,101,101,101,101,101,102,102,102,102,102,102,102,102,102,102,102,102,102,103,103,103,103,103,103,103,103,103,102,103,103,106,105,105,105,105,105,105,105,105,105,105,105,105,105,105,105,105,105,105,105,105,105,105,105,105,105,105,105,105,105,105,105,105,105,105,105,105,105,105,105,105,105,105,105,105,105,105,105,105,105,105,105,105,105,105,106,106,106,106,106,106,105,106,106,106,106,106,106,106,106,106,106,106,106,106,106,106,106,106,106,106,106,106,106,106,106,106,106,106,106,106,106,107,107,107,107,107,107,107,107,107,107,107,107,107,107,107,107,107,107,107,107,107,107,107,107,107,107
10455,90,93,93,93,95,95,95,95,95,96,96,96,95,95,96,96,96,96,96,96,98,98,98,98,99,99,100,100,100,100,100,100,100,100,101,101,100,99,99,100,100,100,105,105,105,106,106,106,106,107,107,107,107,107,107,107,107,107,108,108,108,108,108,108,108,108,108,109,109,109,109,110,110,110,110,111,111,111,111,111,111,111,111,111,111,111,111,111,111,111,111,111,111,111,111,111,111,111,111,111,111,111,111,112,112,112,112,112,112,112,112,112,112,112,112,111,111,111,111,111,111,111,111,112,112,112,112,112,112,112,112,112,112,112,112,112,112,112,112,112,112,112,112,112,112,112,112,112,112,112,112,112,112,112,112,112,112,112,112,112
10456,254,256,257,258,258,258,258,259,260,262,263,264,264,265,266,266,266,267,267,267,267,267,268,270,271,272,272,272,273,274,275,275,275,275,277,278,278,277,278,278,278,278,281,281,282,282,283,284,284,285,285,285,285,285,285,286,286,286,286,286,287,287,287,287,287,288,289,289,289,289,289,289,289,290,290,290,290,290,290,290,290,290,290,291,291,291,291,291,291,291,291,291,291,291,291,291,291,291,291,291,291,292,293,292,293,293,293,293,293,294,295,295,295,296,297,297,298,298,299,299,299,299,299,299,300,300,300,300,300,300,300,299,299,299,299,297,297,297,297,297,297,298,298,298,298,298,298,298,298,298,298,298,298,298,298,298,298,298,298,298
10457,166,166,168,169,169,169,169,169,169,170,170,170,171,172,172,172,173,173,173,173,174,175,175,175,175,175,177,177,177,177,177,177,178,179,179,180,180,180,183,183,184,184,184,184,184,184,183,186,186,186,185,185,185,185,185,185,185,185,185,185,185,185,185,185,185,185,185,186,186,186,186,186,186,186,186,186,186,186,186,186,186,186,186,186,186,187,187,187,187,187,187,187,187,187,187,187,187,187,187,187,188,188,188,188,188,188,188,188,188,188,189,189,189,189,189,189,189,189,189,189,189,189,189,189,189,189,189,189,189,190,191,190,190,190,190,189,189,189,189,189,189,189,189,189,189,189,189,189,189,189,189,189,189,189,189,189,189,189,189,189
10458,107,108,108,108,109,109,110,110,110,112,112,112,112,112,112,112,112,112,112,112,112,112,112,113,113,113,113,114,114,114,114,114,114,114,114,115,115,115,116,116,117,117,124,124,124,124,124,124,124,124,124,124,125,125,125,125,125,125,125,125,125,125,125,125,125,125,125,125,125,125,125,125,126,126,126,126,126,126,126,126,126,126,126,126,126,126,126,126,126,126,126,126,126,126,126,126,126,126,126,126,126,126,126,126,126,126,126,126,126,126,126,126,126,126,126,126,127,127,127,127,127,127,127,127,127,127,127,127,127,127,127,127,128,129,129,129,129,129,129,129,128,129,129,129,129,129,129,129,129,129,131,131,131,131,132,132,132,132,132,132
10459,149,150,150,150,151,151,151,151,152,153,153,153,153,153,153,153,153,154,154,154,154,155,155,156,156,156,156,156,157,157,157,157,157,157,157,157,157,159,159,159,159,159,165,165,165,165,165,165,165,165,165,165,165,166,166,166,166,166,166,166,166,166,166,166,166,166,166,166,166,166,166,166,166,166,166,166,166,166,166,166,166,166,166,166,166,166,166,166,166,166,166,166,166,166,166,166,166,166,166,166,166,166,166,166,166,166,166,166,166,166,166,166,166,166,166,166,166,166,166,167,167,166,166,166,166,166,166,166,166,166,166,166,166,166,167,167,167,167,167,167,167,167,167,167,167,167,167,167,167,167,167,167,167,167,167,167,167,167,167,167
10460,107,108,108,110,110,111,112,112,112,112,112,112,112,113,113,113,113,113,114,115,115,115,116,116,116,116,116,116,116,116,117,117,117,117,117,117,117,117,117,119,119,119,122,122,122,122,122,123,123,125,125,125,125,125,125,125,125,126,126,126,126,126,126,126,126,126,126,126,126,126,126,126,127,127,127,127,127,127,127,127,127,127,127,127,127,127,127,127,127,127,127,127,127,127,127,127,127,127,127,128,128,128,128,128,128,128,128,128,128,128,128,128,130,130,130,130,130,130,130,130,130,130,130,130,130,130,130,130,130,130,130,131,131,131,131,131,131,131,131,131,131,131,131,131,131,131,131,131,131,132,132,132,132,132,132,132,132,132,132,132
10461,121,125,125,126,128,128,130,130,132,132,134,135,135,135,135,135,135,135,137,137,137,138,138,138,139,139,139,139,139,139,139,139,140,140,140,140,140,141,141,141,141,141,134,134,134,134,134,137,137,138,137,137,137,137,137,137,137,137,137,137,137,137,137,137,137,139,137,137,137,138,138,138,138,138,138,138,138,138,138,138,138,138,138,138,139,139,140,140,140,140,140,140,141,141,141,141,141,141,141,141,141,141,141,141,141,141,141,141,141,141,141,141,141,141,141,141,141,141,141,141,141,141,141,141,140,140,140,141,141,141,141,141,141,141,141,141,141,141,141,141,141,141,141,141,141,141,141,141,141,141,141,141,141,141,141,141,141,141,141,141
10462,156,157,157,157,157,158,158,159,159,159,160,161,161,163,163,163,163,163,163,164,164,164,164,166,166,166,166,166,166,167,167,167,167,167,167,168,168,169,169,170,170,170,175,175,175,175,175,176,176,176,176,175,175,175,175,175,175,176,177,177,177,177,178,178,178,180,180,180,181,182,182,182,182,183,183,183,183,183,183,183,183,183,183,183,183,183,183,183,183,183,183,183,183,183,183,183,183,183,183,183,183,183,183,183,183,183,183,183,183,183,183,183,183,183,183,183,183,183,183,183,184,184,184,184,185,185,185,185,185,185,185,185,185,185,185,185,185,185,185,185,185,185,185,185,186,186,186,187,187,187,187,187,187,187,187,187,187,187,187,187
10463,174,177,178,178,178,181,181,181,183,183,183,186,186,188,189,189,189,190,190,190,189,191,191,191,194,194,195,196,196,197,198,198,199,199,199,200,201,200,201,200,202,202,210,211,211,211,211,211,211,210,210,210,210,209,209,210,210,210,210,210,211,211,211,212,212,213,212,213,212,213,213,213,214,214,214,214,215,215,215,215,215,215,215,215,215,215,215,215,215,216,216,216,216,216,216,216,216,216,216,216,216,216,216,216,216,216,216,216,216,216,216,216,216,216,216,216,216,216,216,216,216,216,216,216,216,216,217,217,217,217,217,217,218,218,218,218,218,218,218,218,218,218,218,218,218,220,220,220,220,220,220,220,220,220,220,220,220,220,220,220
10464,6,6,6,6,6,6,6,6,6,6,6,7,7,7,7,7,7,7,7,7,7,7,7,7,7,7,7,7,7,8,8,8,8,8,8,8,8,8,8,8,8,8,9,9,9,9,9,9,9,9,9,9,9,9,9,9,9,9,9,9,9,9,9,9,9,9,9,9,9,9,9,9,9,9,9,9,9,9,9,9,9,9,9,9,9,9,9,9,9,9,9,9,9,9,9,9,9,9,9,9,9,9,9,9,9,9,9,9,9,9,9,9,9,9,9,9,9,9,9,9,9,9,9,9,9,9,9,9,9,9,9,9,9,9,9,9,9,9,9,9,9,9,9,9,9,9,9,9,9,9,9,9,9,9,9,9,9,9,9,9
10465,69,69,70,70,70,70,70,70,70,70,71,72,72,72,72,72,74,74,74,75,76,76,77,77,78,78,78,78,78,78,78,78,78,78,79,79,79,80,80,80,80,80,81,81,81,81,81,82,82,82,82,83,83,83,83,83,83,83,83,83,83,83,83,83,83,84,85,85,85,85,85,85,85,85,85,85,85,85,85,85,85,85,85,85,86,86,86,86,86,86,86,86,86,86,87,87,87,87,87,87,88,88,88,88,88,88,88,89,89,89,89,90,90,90,90,90,90,90,90,90,90,90,90,90,90,90,90,90,90,90,90,90,90,90,90,91,91,91,91,91,91,91,91,91,91,91,91,91,91,91,91,91,91,91,91,91,91,91,91,92
10466,149,151,151,151,152,153,154,155,157,157,157,157,156,156,156,156,156,156,158,158,158,158,159,159,159,159,159,160,160,160,160,161,161,161,162,162,162,161,161,161,161,161,166,166,166,166,166,166,166,166,166,166,166,166,166,166,166,167,166,166,167,167,167,168,168,168,168,168,168,168,168,168,168,168,168,168,168,169,169,169,169,169,169,169,169,169,169,169,169,169,169,169,169,169,169,170,170,170,170,170,170,171,171,170,171,171,171,170,170,169,170,170,170,170,171,171,171,171,171,171,171,172,172,172,172,172,173,173,173,173,173,173,173,174,174,174,174,174,174,174,174,174,174,174,174,174,174,174,174,174,174,174,174,174,174,174,174,174,174,174
10467,275,276,276,277,281,283,284,284,286,287,287,289,289,290,290,290,291,292,293,294,295,295,296,296,297,298,298,298,298,300,300,300,301,301,301,301,302,300,300,300,300,300,308,308,308,309,309,309,309,309,310,310,310,310,310,311,312,313,314,315,316,315,316,316,316,316,316,317,317,317,318,318,318,318,319,319,320,320,321,321,321,321,321,322,322,322,322,324,324,324,324,324,324,324,324,324,324,325,325,325,326,326,326,326,327,328,329,329,329,330,331,331,331,331,333,332,332,332,333,333,333,334,334,334,334,334,334,334,334,334,334,334,334,334,334,334,335,335,335,337,339,339,339,339,339,339,339,339,339,339,339,339,339,339,339,340,340,340,340,340
10468,172,172,174,176,179,181,183,184,185,186,188,189,191,191,194,194,197,198,199,199,199,199,200,202,202,203,203,203,203,203,204,204,204,205,205,206,208,207,207,208,209,210,215,215,215,216,216,216,217,217,217,217,217,217,218,219,219,219,219,219,219,219,219,220,220,220,220,220,220,220,220,220,220,220,220,220,221,221,221,221,221,221,221,221,221,221,221,221,221,221,221,221,221,221,221,221,222,222,223,223,223,223,224,224,224,224,224,224,224,224,224,225,225,225,225,225,225,225,225,225,225,225,225,225,225,225,225,225,225,225,225,225,225,225,225,225,226,226,226,226,226,226,226,226,226,226,226,226,226,226,226,226,226,226,226,226,226,226,226,226
10469,307,307,307,307,310,312,314,315,318,318,318,319,320,319,320,320,321,321,321,321,321,322,322,325,325,325,326,327,329,330,330,331,331,331,332,332,333,332,333,334,334,334,346,346,346,346,346,347,348,348,349,350,350,351,351,352,353,353,355,355,355,355,355,355,355,357,355,356,356,356,358,359,361,361,361,361,361,361,361,361,361,361,362,362,363,363,363,363,363,363,363,363,363,363,364,364,365,365,365,365,365,365,365,366,366,366,366,366,366,366,366,366,366,366,367,367,368,368,368,369,369,369,369,369,369,369,368,369,369,369,369,369,369,370,370,370,370,370,370,370,370,370,370,370,370,370,371,371,371,372,372,373,373,373,373,373,373,373,373,373
10470,13,13,13,13,13,14,14,14,14,14,14,14,14,14,14,14,14,14,15,15,15,15,15,15,15,15,15,15,15,15,15,15,15,15,15,15,15,15,15,15,15,15,19,19,19,19,19,19,19,19,20,20,20,20,20,20,20,20,20,20,20,20,20,20,20,20,20,20,20,20,20,20,20,20,20,20,20,20,20,20,20,20,20,20,20,20,20,20,20,20,20,20,20,20,20,20,20,20,20,20,20,20,20,20,20,20,20,21,21,21,21,21,21,21,21,21,21,21,21,21,21,21,21,21,21,21,21,21,21,21,21,21,21,21,21,21,21,21,21,21,21,21,21,21,21,21,21,21,21,21,22,22,22,22,22,22,22,22,22,22
10471,63,63,66,65,65,65,65,65,65,66,67,66,66,66,66,66,66,68,69,69,70,70,70,70,71,71,72,72,72,72,71,71,71,71,72,72,72,73,73,73,73,73,80,80,81,81,81,82,82,82,82,82,82,82,82,82,82,82,83,83,83,83,83,83,83,83,84,84,85,85,85,85,85,85,85,85,85,85,85,85,85,85,85,85,85,85,85,85,85,85,85,86,86,86,86,86,86,86,86,87,87,87,87,87,87,87,87,87,87,87,87,87,87,87,87,87,88,88,88,88,88,88,88,88,88,88,88,88,88,88,89,89,89,89,89,89,89,89,89,89,89,89,89,89,89,89,89,89,89,89,89,89,89,89,89,89,89,89,89,89
10472,164,165,166,166,166,166,167,167,167,168,168,168,168,169,170,170,171,172,174,175,175,175,175,175,176,176,176,176,176,177,177,177,177,178,178,178,178,179,179,179,180,180,186,186,186,187,186,186,187,187,188,188,188,188,188,188,188,188,188,188,188,188,188,188,188,188,188,188,188,188,188,188,188,188,188,188,188,188,188,188,188,188,188,188,188,188,188,188,188,188,188,188,188,188,189,189,189,189,189,189,190,190,190,190,190,190,190,191,191,191,191,191,191,191,191,191,191,191,191,191,191,191,191,191,191,191,191,191,191,191,191,192,192,192,192,192,192,193,193,193,193,193,193,193,193,193,193,193,193,193,193,193,193,194,194,194,194,195,195,195
10473,116,116,116,116,116,116,117,118,119,119,119,119,120,120,120,121,121,121,121,121,121,121,121,121,122,122,125,125,127,127,127,127,127,127,129,129,129,131,131,131,131,131,136,136,136,136,136,137,137,137,136,136,136,136,136,136,136,136,136,136,136,136,136,136,136,137,136,136,137,137,137,137,137,137,137,137,137,137,137,137,137,137,137,137,137,137,137,137,137,137,137,138,138,138,138,138,139,139,140,139,139,139,139,139,139,139,139,139,139,139,139,139,139,139,139,139,139,139,139,139,139,139,139,139,139,139,139,139,139,139,140,140,140,140,140,140,140,140,140,140,140,140,140,140,140,140,141,141,141,141,141,141,141,141,141,141,141,141,141,141
10474,17,17,17,19,19,19,19,19,19,19,19,19,19,20,19,19,19,19,19,19,19,19,19,19,19,19,19,19,19,19,19,19,20,20,20,20,20,20,20,20,20,20,21,21,21,21,21,21,21,21,21,21,21,21,21,21,21,21,21,21,21,21,21,21,21,21,21,21,21,21,21,21,21,21,21,21,21,21,21,21,21,21,21,21,21,21,21,21,21,21,21,21,21,21,21,21,21,21,21,21,21,21,21,21,21,21,21,21,21,21,21,21,21,21,21,21,21,21,21,21,21,21,21,21,21,21,21,21,21,21,21,21,21,21,21,21,21,21,21,21,21,21,21,21,21,21,21,21,21,21,21,21,21,21,21,21,21,21,21,21
10475,155,155,155,157,157,159,160,160,161,161,161,161,161,161,161,161,161,161,161,161,161,161,161,162,164,165,165,166,166,167,167,167,168,168,168,168,168,170,170,170,170,170,173,173,173,173,173,173,173,173,173,173,173,173,173,173,174,174,174,174,174,174,174,174,174,175,176,176,176,176,176,176,176,176,176,176,176,176,176,176,176,176,176,176,176,176,176,176,176,176,176,176,176,176,176,176,176,176,176,176,176,176,176,176,176,176,176,177,177,177,177,177,177,177,177,177,177,177,177,177,177,177,177,177,177,177,178,178,178,178,178,178,178,178,178,178,178,178,178,178,178,178,178,178,178,178,179,179,179,179,179,179,179,179,179,179,179,179,179,179
11004,53,53,54,54,54,55,55,55,55,56,57,57,57,57,57,57,57,57,57,58,58,58,58,58,58,58,58,59,59,59,60,60,58,58,58,58,58,60,60,60,60,60,67,67,68,68,68,68,68,68,67,67,67,67,67,67,67,67,67,67,67,67,67,67,67,68,68,68,68,68,68,68,68,68,68,68,68,68,68,68,68,68,68,68,68,68,68,68,68,68,68,68,68,68,68,68,68,68,68,68,68,68,68,68,68,68,68,68,68,68,68,68,68,68,68,68,68,68,68,68,68,68,68,69,69,69,69,69,69,69,69,69,69,69,69,69,69,69,69,69,69,69,69,69,69,69,69,69,69,69,69,69,69,69,69,69,69,69,69,69
11096,,,,,,,,,,,,,,,,,,,,,,,,,,,,,,,,,,,,,,,,,,,,,,,,,,,,,,,,,,,,0,0,0,0,,,,,,,,,,,,,,,,,,,,,,,,0,0,,,,,,,,,,,,,,,,,,,,,,,,,,,,,,,,,,,,,,,0,,,,,,,,,,,,,,,,,,,,0,0,0,0,,,,,,,,,,
11101,35,36,36,36,36,36,36,36,36,36,36,36,36,36,36,36,36,36,36,37,37,37,37,37,37,37,38,38,38,38,38,38,38,38,38,38,39,38,38,38,38,38,40,39,39,39,39,39,39,38,38,38,38,38,38,38,38,38,38,38,38,38,38,38,38,39,39,39,39,39,39,39,40,40,40,40,40,40,40,40,40,40,40,40,40,40,40,40,40,40,40,40,40,40,40,40,40,39,39,39,39,39,39,39,39,39,39,39,39,39,39,39,39,39,39,39,39,39,39,39,39,39,39,39,39,39,39,39,39,39,39,39,39,39,39,39,39,39,39,39,39,39,39,39,39,39,39,39,39,39,39,39,39,39,39,39,39,39,39,39
11102,67,68,69,68,69,72,72,72,72,72,72,73,73,73,74,74,74,75,75,76,76,76,76,76,76,76,76,76,76,77,77,78,78,78,78,78,78,78,78,78,78,78,77,77,77,77,77,78,78,78,78,78,78,78,78,78,78,78,78,78,78,78,78,78,78,79,79,79,79,79,79,79,79,80,80,80,80,80,80,80,80,80,80,80,80,80,80,80,80,80,80,80,80,80,80,80,80,80,80,80,80,80,81,81,81,81,81,81,81,81,81,81,81,81,81,81,81,81,81,81,81,81,81,81,81,81,81,81,81,81,81,81,81,81,81,81,81,81,81,81,82,82,82,83,83,83,83,83,83,84,84,85,85,85,85,85,85,85,85,85
11103,41,41,41,42,44,45,47,47,47,47,47,47,47,48,48,48,48,48,48,48,48,48,48,48,48,48,48,48,48,48,49,49,49,49,50,51,51,51,51,51,51,51,52,52,52,52,52,52,52,52,52,52,52,52,52,52,52,52,52,52,52,52,52,52,52,52,52,52,52,52,52,52,52,52,52,52,53,53,53,53,53,53,53,53,53,53,53,54,54,54,54,54,54,54,54,54,54,54,54,54,54,54,54,54,54,54,54,54,54,54,54,54,54,54,54,54,54,54,54,54,54,54,54,54,54,54,55,55,55,55,55,55,55,55,55,55,55,55,55,55,55,55,55,55,55,55,55,55,55,55,55,55,55,55,55,55,55,55,55,55
11104,34,34,34,34,34,34,34,34,34,34,34,34,34,35,35,35,35,34,35,36,37,37,37,37,37,37,37,37,37,37,37,37,37,37,37,37,37,37,37,37,37,37,41,41,41,41,41,41,41,41,41,41,41,42,42,42,42,42,42,42,42,42,42,42,42,42,42,42,42,42,42,42,42,42,42,42,42,42,42,42,42,42,42,42,42,42,42,42,42,42,42,42,42,42,42,42,42,42,42,42,42,42,42,42,42,42,42,42,42,42,42,42,42,42,42,42,42,42,42,42,42,42,42,42,42,42,42,42,42,42,42,42,42,42,42,42,42,42,42,42,42,42,42,42,42,42,42,42,42,42,42,42,42,42,42,42,42,42,42,42
11105,36,38,39,39,39,40,40,40,40,40,40,41,41,41,42,42,42,42,42,42,42,42,42,42,42,42,42,42,42,42,42,42,43,43,43,43,43,43,43,43,43,43,43,43,43,43,43,43,43,43,43,43,43,43,43,43,43,43,43,43,43,43,43,43,43,43,43,43,43,43,43,43,43,43,43,43,43,43,43,43,43,43,43,43,43,43,43,43,43,43,43,43,43,43,43,43,43,43,43,43,43,43,43,43,43,43,43,43,43,43,43,43,43,43,43,43,43,43,43,43,43,43,43,43,43,43,44,44,44,44,44,44,44,44,44,44,44,44,44,44,44,44,44,44,44,44,44,44,44,44,44,44,44,44,44,44,44,44,44,44
11106,41,41,41,41,41,41,42,42,42,42,42,42,43,43,44,44,44,44,45,45,45,45,45,45,45,45,45,45,45,45,45,45,45,45,46,47,47,47,47,47,47,47,50,50,51,52,52,52,52,52,52,52,52,51,51,51,51,51,52,52,52,52,52,52,52,52,53,53,53,53,53,53,53,53,53,53,53,54,54,54,54,54,54,54,55,55,55,55,55,55,55,55,55,55,55,55,55,55,55,55,55,55,55,55,55,55,55,55,55,55,55,55,55,55,55,55,55,55,55,55,55,55,55,55,55,55,55,55,55,55,55,55,55,55,55,55,55,56,56,57,57,57,57,57,57,57,57,57,57,57,57,57,57,57,57,57,57,57,57,57
11109,2,2,2,2,2,2,2,2,2,2,2,2,2,2,2,2,2,2,2,2,2,2,2,2,2,2,2,2,2,2,2,2,2,2,2,2,2,2,2,2,2,2,2,2,2,2,2,2,2,2,2,2,2,2,2,2,2,2,2,2,2,2,2,2,2,2,2,2,2,2,2,2,2,2,2,2,2,2,2,2,2,2,2,2,2,2,2,2,2,2,2,2,2,2,2,2,2,2,2,2,2,2,2,2,2,2,2,2,2,2,2,2,2,2,2,2,2,2,2,2,2,2,2,2,2,2,2,2,2,2,2,2,2,2,2,2,2,2,2,2,2,2,2,2,2,2,2,2,2,2,2,2,2,2,2,2,2,2,2,2
11201,76,76,76,78,78,79,79,79,79,79,79,81,82,82,82,82,82,82,82,85,85,85,85,85,85,85,87,87,87,87,87,88,89,89,89,89,89,90,90,90,91,91,92,92,92,92,93,93,93,93,93,93,93,93,93,93,93,93,94,94,94,94,94,94,94,94,95,95,95,95,95,95,95,95,95,95,95,95,95,95,95,95,95,95,95,95,95,95,95,95,95,95,95,95,95,95,95,95,95,95,95,95,95,95,95,95,95,95,95,95,95,95,95,95,95,95,95,95,95,95,95,95,95,95,95,95,95,95,95,95,95,95,95,95,95,95,95,95,95,95,95,95,95,95,95,95,95,95,95,95,95,96,96,96,96,96,96,96,96,96
11203,222,224,225,225,226,226,229,230,232,233,233,233,235,235,234,235,235,237,236,238,238,240,240,241,241,242,242,243,243,244,244,244,244,244,244,245,245,245,246,248,248,249,241,240,241,241,241,241,241,242,240,240,240,240,240,241,241,241,241,242,242,242,242,242,242,242,242,242,242,242,242,242,242,242,242,242,242,242,242,242,243,243,243,243,243,243,243,243,243,243,243,243,243,243,243,243,243,243,243,243,243,243,243,243,243,243,243,243,243,243,243,243,243,243,244,245,245,245,245,245,245,245,245,245,244,244,244,244,244,244,244,244,244,244,244,244,244,244,244,244,244,244,244,244,244,244,244,244,244,244,245,245,245,245,245,246,246,246,246,246
11204,134,134,135,134,134,134,134,134,134,134,134,135,134,135,135,135,135,135,136,138,137,137,138,138,138,138,138,139,139,139,139,139,139,140,141,141,141,139,139,140,140,140,141,141,141,141,141,141,141,141,142,142,142,142,142,142,142,142,142,142,142,142,142,142,142,142,142,142,142,142,142,142,142,143,143,143,143,143,143,144,144,144,144,144,144,144,145,145,145,145,145,145,145,145,145,145,145,145,145,145,145,145,145,145,145,145,145,145,146,146,146,146,146,146,146,146,146,146,146,146,146,146,146,146,146,146,147,147,147,147,147,147,147,147,147,147,147,147,148,148,148,149,149,149,150,150,150,151,151,151,152,152,152,152,152,153,153,153,153,153
11205,44,44,44,44,44,44,44,44,44,44,46,46,46,46,46,46,46,46,46,46,46,46,46,46,46,46,46,46,46,46,47,47,47,47,47,47,48,47,47,47,47,47,49,49,49,49,49,49,49,50,50,50,50,50,50,50,50,50,50,50,50,50,50,50,50,50,50,50,50,50,50,50,50,50,50,50,50,50,50,50,50,50,50,50,50,50,50,50,50,50,50,50,50,50,50,50,50,50,50,50,50,50,50,50,50,50,50,50,50,50,50,50,50,50,50,51,51,51,51,51,51,51,51,51,51,51,51,51,51,51,51,51,51,51,51,51,51,51,51,51,51,51,51,51,51,51,51,51,51,51,51,51,51,51,51,51,51,51,51,51
11206,142,144,144,144,144,144,145,145,145,146,147,149,149,149,148,148,148,148,148,148,148,148,148,148,148,148,148,148,149,149,149,149,148,148,148,148,148,148,149,149,150,152,153,153,154,154,154,154,154,154,154,154,154,154,154,154,154,154,153,153,153,153,153,153,153,154,153,153,153,153,153,153,153,153,153,153,153,153,153,153,153,153,153,153,153,153,153,153,153,153,153,153,153,153,153,153,153,153,153,152,153,153,153,153,153,153,153,153,153,153,153,153,153,153,153,153,153,154,154,154,154,154,154,154,154,154,154,154,154,154,154,154,154,154,154,154,155,155,155,155,155,155,155,155,155,155,155,155,155,155,155,155,155,155,155,155,155,155,155,155
11207,191,192,193,193,193,194,195,195,196,196,196,196,198,199,199,199,201,201,201,201,201,201,201,201,201,201,201,201,201,201,202,203,203,203,203,203,203,203,204,204,204,204,212,212,213,213,213,213,213,213,214,214,214,214,214,214,214,214,214,214,214,214,214,214,215,215,215,216,216,216,216,216,216,216,216,216,216,216,216,216,216,216,216,216,216,216,216,216,216,216,216,216,216,216,216,216,216,216,216,216,216,215,215,215,215,215,215,215,215,216,216,216,217,217,217,217,217,217,217,217,217,217,217,217,217,217,217,217,217,217,218,219,219,219,219,219,219,219,219,219,219,219,219,219,219,219,219,219,219,219,219,219,219,219,219,219,219,219,219,219
11208,214,214,214,214,214,214,214,214,214,214,214,214,214,215,215,215,216,217,219,222,222,223,223,223,224,225,225,225,225,225,226,227,228,228,228,231,232,231,231,231,231,231,240,240,240,241,242,243,243,242,243,244,245,245,245,246,246,246,246,246,246,246,246,247,247,248,248,248,248,249,249,249,249,249,249,249,249,249,249,249,249,249,249,249,249,249,249,249,249,249,249,249,249,250,250,250,250,250,250,250,250,250,250,250,250,250,250,250,250,250,250,250,248,248,248,248,248,248,248,248,249,249,249,249,249,249,249,249,249,249,249,249,249,249,250,251,251,251,251,251,251,251,251,251,251,251,251,251,251,251,251,251,251,251,251,251,251,251,251,251
11209,100,100,100,100,102,102,104,104,104,105,106,106,106,106,106,106,106,106,107,108,108,108,108,108,108,108,109,109,109,109,109,109,109,109,109,109,109,110,110,110,110,110,112,112,112,112,112,112,112,112,112,112,112,112,112,112,112,113,113,113,113,113,113,113,113,114,115,115,115,115,115,115,115,115,115,115,115,115,115,115,115,115,115,115,115,115,116,116,116,116,117,117,117,117,117,117,117,117,117,116,116,116,116,116,116,116,116,116,116,116,116,116,116,116,116,116,116,116,116,116,116,116,116,116,116,116,116,116,116,117,117,117,117,117,117,117,117,117,117,118,118,118,118,118,118,118,118,118,119,119,119,119,119,119,119,119,119,119,119,119
11210,122,124,125,125,125,125,125,126,126,126,127,127,127,128,128,129,129,129,131,131,131,131,132,133,134,134,135,135,135,137,137,137,137,138,138,138,138,136,136,137,137,137,147,147,147,147,147,147,147,147,147,147,147,147,147,147,149,149,149,149,149,150,150,150,150,150,150,150,150,150,150,150,150,150,150,150,150,150,150,150,150,150,150,150,150,150,150,150,150,150,150,150,150,150,150,150,150,150,150,150,150,150,150,150,150,150,150,150,150,150,150,150,150,150,150,150,150,150,150,150,150,150,150,150,150,150,150,150,150,150,150,150,150,150,150,150,150,150,150,150,150,150,150,150,150,150,150,150,150,150,150,150,150,150,150,150,150,150,150,151
11211,119,119,119,119,119,119,120,120,120,120,120,120,121,121,121,121,121,121,121,122,122,125,126,126,127,127,127,127,127,127,127,127,128,128,128,128,129,127,127,127,127,126,132,132,133,133,133,133,133,134,134,134,134,135,135,136,136,136,136,136,136,136,136,136,136,136,136,136,136,137,137,137,137,137,138,138,138,138,138,138,138,138,138,138,138,138,138,138,138,138,138,138,138,138,138,138,138,138,138,138,138,138,138,138,138,138,138,138,137,137,137,137,137,137,137,137,137,137,137,137,137,137,137,137,137,137,137,138,138,138,138,138,138,138,138,138,138,138,138,138,138,138,138,138,138,138,138,138,138,138,139,139,139,139,139,139,139,139,139,139
11212,207,208,210,211,211,213,213,213,213,213,213,213,214,214,213,213,214,214,215,216,215,215,216,217,217,219,219,219,220,221,221,221,221,221,221,221,221,223,223,223,223,223,228,228,229,229,229,229,229,229,230,232,232,232,232,232,232,232,232,232,232,232,232,232,232,232,232,232,232,232,232,233,233,233,233,233,234,234,234,234,235,235,235,235,235,235,235,235,235,235,235,234,235,235,235,235,235,235,235,235,235,235,235,235,235,235,235,235,235,235,235,235,235,235,236,236,236,236,236,236,236,236,236,236,236,236,236,236,236,236,236,236,236,236,236,236,236,236,236,236,236,236,236,236,236,236,236,236,236,236,236,236,236,236,236,236,236,236,236,236
11213,125,126,127,127,128,128,128,130,130,130,130,130,130,131,131,131,131,132,132,132,132,133,133,134,134,135,136,136,136,136,137,137,137,137,138,138,138,139,139,138,138,138,141,142,142,142,142,142,142,142,143,143,143,144,144,145,145,145,145,145,145,145,145,145,145,145,145,145,145,146,146,147,148,148,148,148,148,148,148,148,148,148,148,148,148,148,149,149,149,149,149,149,149,149,149,149,149,149,149,149,149,149,149,149,149,149,149,149,149,149,149,149,149,149,150,150,150,150,150,150,150,150,150,150,150,150,150,150,150,150,150,150,150,150,150,150,150,150,150,150,150,150,151,151,151,151,151,151,151,151,151,151,151,151,151,151,151,151,151,151
11214,157,160,161,161,162,163,163,163,165,165,167,169,169,171,171,171,171,173,173,173,173,173,174,175,175,176,176,176,176,176,176,177,177,177,177,177,177,179,179,180,180,180,180,180,180,180,180,180,180,180,181,181,181,181,181,181,181,181,181,181,181,181,181,181,181,181,181,181,181,181,181,182,182,182,182,183,183,183,183,183,183,183,184,184,184,184,184,184,184,184,184,184,184,184,184,184,184,184,184,184,184,184,184,184,184,184,184,184,184,184,186,186,186,186,186,187,187,187,187,187,187,187,187,187,187,186,187,187,187,187,187,187,188,188,188,188,188,188,188,188,188,188,188,188,188,188,188,188,188,188,188,188,188,188,188,188,188,188,188,188
11215,40,40,40,42,42,42,42,42,42,42,42,42,42,42,42,42,42,42,43,43,44,44,44,44,44,44,44,44,44,44,44,44,44,45,45,46,46,45,45,45,46,46,45,45,46,46,46,46,46,46,46,46,47,47,47,47,47,47,47,46,46,46,46,46,46,46,46,46,46,46,46,46,46,46,46,46,46,46,46,46,46,46,46,46,46,46,46,46,46,46,46,46,46,46,46,46,46,46,46,46,46,46,46,46,46,46,46,46,46,46,46,46,46,46,46,46,46,46,46,46,46,46,46,46,46,46,46,46,46,46,46,46,46,46,46,46,46,46,46,46,46,46,46,46,46,46,46,46,46,46,46,46,46,46,46,46,47,47,47,47
11216,59,59,60,60,61,61,62,63,63,63,63,65,65,65,65,65,65,65,67,68,68,68,68,68,68,69,69,71,71,71,72,73,73,73,73,73,73,71,71,71,71,71,74,74,74,74,74,74,74,74,74,74,74,74,74,74,74,74,74,74,74,74,74,75,75,75,75,75,75,75,75,76,76,76,76,76,76,76,76,76,76,76,76,76,76,76,76,76,76,76,76,76,76,76,76,76,76,76,76,76,76,76,76,76,76,76,76,76,76,76,76,76,76,76,76,76,76,76,76,76,76,76,76,76,76,76,76,76,76,76,76,76,76,76,76,76,76,76,76,76,76,76,76,76,76,76,76,76,76,76,76,76,76,76,76,76,76,76,76,76
11217,69,69,72,72,73,73,73,73,73,74,74,75,75,76,76,76,77,77,77,77,77,77,78,78,80,80,80,80,80,80,80,80,80,80,80,80,80,79,79,79,79,79,84,84,84,84,85,85,85,85,85,85,85,85,85,85,85,85,85,85,85,85,85,85,85,85,85,85,85,85,85,85,86,86,86,86,86,86,86,86,86,86,86,86,86,86,86,86,86,86,86,86,86,86,86,86,86,86,86,86,86,86,86,86,86,86,86,86,86,86,86,86,86,86,86,86,86,86,86,86,86,86,86,86,86,86,86,86,86,86,86,86,86,86,86,86,86,86,86,86,86,86,86,86,86,86,86,86,86,86,86,86,86,86,86,86,86,86,86,86
11218,119,119,119,120,120,121,122,122,123,123,124,125,127,127,129,131,131,131,131,131,132,132,132,132,132,132,133,133,133,133,133,134,135,135,135,135,135,134,134,133,133,133,135,135,135,136,136,136,136,136,136,136,136,136,136,136,136,136,136,135,135,135,135,135,135,135,137,137,137,137,137,137,137,137,137,137,137,137,137,137,137,137,137,137,137,137,137,137,137,137,137,137,137,137,137,138,138,138,138,138,138,138,138,138,138,138,138,138,138,138,138,138,138,138,138,138,138,138,138,138,138,138,138,138,138,138,138,138,138,139,139,139,139,139,139,139,139,139,139,139,139,139,139,139,139,139,139,139,139,139,139,139,139,139,139,139,139,139,139,140
11219,202,202,202,204,204,205,205,205,206,207,208,208,208,208,208,208,209,210,211,212,213,213,213,213,214,214,214,215,215,215,217,218,219,219,219,219,219,218,219,219,221,221,226,226,226,226,227,228,229,229,229,229,230,230,230,231,232,231,231,231,232,232,232,233,233,233,233,234,234,234,234,235,235,235,235,235,235,235,235,235,235,235,235,235,235,235,235,235,235,235,235,235,236,236,236,237,236,237,237,237,237,237,237,237,238,238,238,238,238,238,238,239,239,239,240,240,240,240,240,240,240,240,240,240,241,241,241,242,242,242,242,242,242,241,243,243,242,242,242,242,242,242,242,242,242,242,243,243,244,244,244,245,245,245,245,245,245,245,245,245
11220,147,147,148,148,150,150,152,152,153,153,153,153,153,153,153,153,154,154,154,154,154,154,155,155,156,156,157,158,158,158,158,158,160,160,161,162,162,161,161,161,161,161,163,164,164,164,164,164,164,164,164,164,164,164,164,164,164,164,164,163,163,163,164,165,165,166,165,166,166,166,166,166,166,166,166,166,166,166,166,166,166,166,166,167,167,167,167,167,167,167,167,167,167,167,167,167,167,167,167,167,167,167,167,167,167,167,167,167,168,168,168,168,168,168,168,168,168,168,168,168,168,168,168,168,168,168,168,168,168,168,168,168,168,168,168,168,168,168,168,168,168,168,168,168,168,168,168,168,168,168,168,168,168,168,168,168,168,168,168,168
11221,116,117,118,117,117,118,118,119,121,121,123,123,123,124,124,126,127,128,128,128,128,128,128,129,130,130,131,131,131,131,131,131,132,133,133,133,133,133,133,134,134,135,143,143,144,144,144,144,144,144,144,144,144,144,144,145,144,144,145,145,145,145,145,145,145,145,146,146,146,146,146,146,146,146,146,146,146,146,146,146,146,147,147,147,147,147,147,147,147,147,148,148,148,148,148,148,148,148,148,147,148,148,148,148,148,148,148,148,148,148,148,148,148,148,148,148,148,148,148,148,148,148,148,148,148,148,148,148,148,148,148,148,148,148,148,148,148,148,148,148,148,148,148,148,148,148,148,148,148,148,148,148,148,148,148,148,148,148,148,148
11222,26,26,28,28,28,28,28,28,28,28,28,28,28,29,29,29,30,30,30,30,30,30,30,30,30,30,30,30,30,30,31,31,31,31,31,31,31,31,31,31,31,31,32,32,32,32,32,32,32,32,32,32,32,32,32,32,32,32,32,32,32,32,32,32,32,32,32,32,32,32,32,32,32,32,32,32,33,33,33,33,34,34,34,34,34,34,34,34,34,34,34,34,34,34,34,34,34,34,34,34,34,34,34,34,34,34,34,34,34,34,34,34,34,34,34,34,34,34,34,34,34,34,34,34,34,34,34,34,34,34,34,34,34,34,34,34,34,34,34,34,34,34,34,34,34,34,34,34,34,34,34,34,34,34,34,34,34,34,34,34
11223,130,131,132,132,132,132,132,132,133,135,136,136,136,136,136,135,135,135,134,135,135,135,136,136,136,138,138,138,138,138,138,138,138,138,138,139,139,138,138,138,139,139,142,142,142,142,142,142,142,142,142,143,143,144,144,144,144,144,144,144,144,144,144,144,144,144,144,144,144,144,144,144,144,144,144,144,144,144,144,144,144,144,144,144,144,144,144,144,144,144,144,144,144,144,144,144,144,144,144,144,144,144,144,144,144,144,144,144,144,144,144,144,144,144,144,144,144,144,144,144,144,143,143,143,143,143,143,143,143,143,143,143,143,143,143,143,143,143,143,143,143,143,143,143,143,143,143,143,143,143,143,143,143,143,143,143,143,143,143,143
11224,185,186,187,188,192,192,192,192,194,195,195,195,196,196,196,197,197,197,197,197,197,197,197,198,200,200,200,200,200,200,200,200,200,200,201,201,202,199,200,201,201,201,206,206,206,206,208,208,208,208,208,209,209,209,209,210,210,210,210,210,210,210,210,210,210,210,211,211,212,212,212,212,213,213,213,213,213,213,213,213,213,213,213,213,213,213,213,214,214,214,214,214,214,214,214,214,215,215,215,216,216,216,216,216,216,216,216,216,216,217,217,217,217,217,217,217,217,217,217,218,218,218,218,218,218,218,218,218,218,218,218,218,218,218,218,218,218,218,218,219,219,219,219,219,219,219,219,219,219,219,219,219,219,219,219,219,219,219,219,219
11225,122,123,123,124,125,125,126,126,126,126,126,126,126,126,126,126,127,127,128,128,128,128,128,128,128,128,129,129,130,130,130,130,130,130,130,130,130,132,132,132,132,133,138,138,138,138,138,138,138,138,138,138,138,138,138,138,138,138,138,138,138,138,138,138,138,138,139,139,140,140,140,140,140,140,140,140,140,140,140,140,140,140,140,140,140,140,140,140,140,140,140,140,140,140,140,140,140,140,140,140,140,140,140,140,140,140,140,140,140,140,140,140,140,140,140,140,140,140,140,140,140,140,140,140,140,140,140,140,140,140,140,140,140,140,141,141,141,141,141,142,142,142,142,142,142,143,143,143,143,143,143,143,143,143,143,143,143,143,143,143
11226,241,241,242,243,245,246,249,249,251,252,253,253,253,256,257,257,257,258,259,260,261,261,261,262,262,264,264,264,264,264,265,265,266,266,266,266,267,267,267,269,268,270,297,298,298,298,298,298,298,298,298,298,298,299,299,299,299,300,302,302,302,302,302,302,302,302,302,302,302,302,302,302,302,302,302,302,302,302,302,301,301,301,301,301,301,301,301,301,301,301,301,301,301,301,301,302,302,302,302,302,302,302,302,302,303,303,303,301,302,302,302,302,302,302,304,304,304,304,304,305,305,305,306,306,306,306,306,306,306,306,306,306,306,306,306,306,306,306,306,306,306,306,306,306,306,306,306,306,306,306,306,306,306,306,306,306,306,306,306,306
11228,74,74,74,75,75,75,75,75,75,75,75,75,75,76,76,76,76,76,76,76,76,77,77,77,77,77,77,77,77,77,77,77,77,78,78,78,78,79,79,79,81,81,81,81,81,81,81,81,81,81,81,81,81,81,81,81,81,81,81,81,82,82,82,82,82,82,82,82,82,82,82,82,82,82,82,82,82,82,82,82,82,82,82,82,82,82,82,82,82,82,82,82,82,82,82,82,82,82,82,82,82,82,82,82,82,82,82,82,82,82,82,82,82,82,82,82,82,83,83,83,84,84,84,84,84,84,85,85,85,85,85,85,85,85,85,85,85,85,85,85,85,85,86,86,86,86,86,86,87,87,87,87,87,87,87,88,88,88,88,88
11229,127,127,128,128,130,130,131,131,132,132,132,132,132,133,133,133,134,136,136,136,137,137,139,139,139,139,139,139,139,139,140,140,140,140,140,140,140,141,141,141,141,142,146,146,146,146,146,146,146,146,147,147,147,147,147,148,148,148,149,149,149,149,149,149,149,150,151,151,151,151,151,151,151,151,151,151,151,151,151,151,151,151,151,151,151,151,151,151,151,151,151,151,151,151,151,151,151,151,151,151,151,151,151,151,151,151,151,151,151,152,153,153,153,153,154,155,155,155,155,155,155,155,155,155,155,155,155,155,155,155,155,155,155,155,155,155,155,156,156,156,156,156,156,156,156,156,156,156,156,156,156,156,156,156,156,157,157,157,157,157
11230,196,196,198,198,198,198,199,200,202,202,202,203,203,203,203,203,203,203,204,204,204,204,205,205,205,206,206,206,206,206,206,207,208,209,209,209,209,207,207,207,207,207,221,221,221,221,222,223,223,223,225,226,227,227,227,227,227,227,227,227,227,227,227,227,227,228,228,228,228,228,228,228,228,228,228,228,228,228,228,228,228,228,228,228,228,228,228,228,228,228,228,228,228,228,228,228,228,228,229,229,229,229,229,229,229,229,229,229,229,229,229,229,229,229,229,229,229,229,229,229,229,229,229,229,229,229,229,229,229,229,229,230,230,230,230,230,230,230,230,230,230,230,230,230,230,231,231,231,231,231,232,232,232,233,233,234,234,234,234,234
11231,33,33,33,33,33,33,33,33,33,33,33,33,33,33,33,33,33,33,33,33,33,33,33,33,33,33,33,33,33,33,33,33,33,33,33,33,33,33,33,33,33,33,33,33,33,33,33,33,33,33,33,34,34,34,34,34,34,34,34,34,34,34,34,34,34,34,34,34,34,34,34,34,34,34,34,34,34,34,34,34,34,34,34,34,34,34,34,34,34,34,34,34,34,34,34,34,34,34,34,34,34,34,34,34,34,34,34,34,34,34,34,35,35,35,35,35,35,35,35,35,35,35,35,35,35,35,35,35,35,35,35,35,35,35,35,35,35,35,35,35,35,35,35,35,35,35,35,35,35,35,35,35,35,35,35,35,35,35,35,35
11232,37,37,37,38,38,39,39,39,39,39,39,40,40,40,40,40,40,40,40,40,40,40,40,40,40,40,40,40,40,40,40,40,40,40,40,40,40,41,41,41,41,41,41,41,41,41,42,42,42,42,42,42,42,42,42,42,42,42,42,42,42,42,42,42,42,42,42,42,42,42,42,42,42,42,42,42,42,42,42,42,42,42,42,42,42,42,42,42,42,42,42,42,42,42,42,42,42,42,42,42,42,42,42,42,42,42,42,42,42,42,42,42,42,42,42,42,42,42,42,42,42,42,42,42,42,42,42,42,42,42,42,42,42,42,42,42,42,42,42,42,42,42,42,42,42,42,42,42,42,42,42,42,42,43,43,43,43,43,43,43
11233,119,119,120,122,123,123,123,123,124,124,125,125,125,125,125,125,125,126,126,126,127,127,128,128,128,128,129,129,129,129,130,131,131,131,131,131,131,132,132,132,132,132,134,134,134,135,135,135,135,135,135,135,135,135,135,135,135,136,136,136,136,136,136,136,136,136,136,136,136,136,136,136,136,136,136,136,136,136,136,136,136,136,136,136,136,136,136,136,136,136,136,136,136,136,136,136,136,136,137,137,138,138,138,138,138,138,138,138,138,138,138,138,138,138,138,138,138,139,139,139,139,139,139,139,139,139,139,139,139,139,139,139,139,139,139,139,140,140,140,140,140,140,140,140,140,140,140,140,140,140,140,140,140,140,140,141,141,141,141,141
11234,163,165,165,165,166,167,170,170,172,173,173,173,176,177,177,178,179,182,182,182,182,182,182,183,183,183,184,185,185,185,185,186,186,186,186,186,186,187,188,188,188,188,191,191,191,191,191,191,191,191,192,192,192,192,192,192,192,192,194,194,195,195,195,195,195,195,195,195,195,195,195,195,195,195,195,195,195,195,195,195,195,195,195,195,195,195,195,195,195,195,195,195,195,195,195,195,195,195,195,195,195,195,195,195,195,195,195,195,195,195,195,195,195,195,195,195,195,195,195,195,195,195,195,195,195,195,195,195,195,195,195,195,195,196,196,196,196,196,196,196,196,196,196,196,196,196,196,196,196,196,196,196,196,196,196,196,196,196,196,196
11235,252,253,257,257,259,259,260,260,263,266,267,268,268,269,269,270,270,271,273,273,274,274,274,275,275,275,277,278,278,279,279,279,279,279,279,280,281,280,280,280,279,280,290,290,290,291,292,292,292,292,292,293,294,296,296,296,296,296,296,296,296,296,297,298,298,299,298,299,299,299,299,299,299,299,299,299,299,299,300,300,300,300,300,300,300,300,300,300,300,300,300,300,300,300,301,301,301,301,301,301,301,301,301,301,301,301,301,301,301,301,302,302,302,302,303,303,303,303,303,304,304,304,304,304,304,304,304,304,304,304,304,304,304,304,304,304,304,304,304,304,304,304,304,304,304,304,304,305,305,305,305,305,305,305,306,306,306,306,306,306
11236,260,261,263,265,266,267,268,270,271,271,271,273,273,275,275,275,275,275,275,275,275,275,276,276,277,277,278,278,278,279,280,281,281,281,283,283,283,283,283,284,285,286,296,295,296,296,296,297,297,297,298,298,297,297,297,297,297,297,297,297,297,297,297,297,297,297,297,297,298,298,298,298,298,298,298,298,298,298,298,298,298,298,298,298,298,298,299,299,299,299,299,299,299,299,299,299,299,299,299,300,300,300,300,299,300,300,300,300,300,300,300,300,300,300,300,301,301,301,301,301,301,301,302,302,303,303,303,303,303,303,303,303,303,303,303,303,303,303,304,304,304,304,304,304,304,304,304,304,304,305,305,305,305,305,305,305,305,306,306,306
11237,98,99,99,100,101,102,102,102,102,103,104,104,104,105,108,108,109,109,110,110,110,110,110,110,111,112,112,112,112,112,112,112,112,112,112,112,112,112,113,113,113,113,114,114,114,114,114,114,114,114,114,114,114,114,114,114,114,114,114,114,114,114,114,114,114,114,114,114,114,114,114,114,114,114,114,114,114,114,114,114,114,114,114,114,114,114,114,114,114,114,114,114,114,114,114,114,114,114,114,114,114,114,114,115,115,115,115,115,115,115,115,115,115,115,115,115,115,115,115,115,115,115,115,115,115,115,115,115,115,115,115,115,115,114,115,115,115,115,115,115,115,115,115,115,115,115,115,115,115,115,115,115,115,115,115,115,115,115,115,115
11238,84,84,84,87,89,89,89,89,91,91,92,94,94,94,94,95,95,96,96,97,97,97,98,98,98,98,98,98,98,98,98,98,98,98,98,98,98,98,98,98,98,98,102,102,102,102,102,102,102,102,102,102,102,102,102,103,103,103,103,103,103,103,103,104,104,104,104,104,104,104,104,104,104,104,104,104,104,104,104,104,104,104,105,105,105,105,105,105,105,105,105,105,105,105,105,105,105,105,105,105,105,105,105,105,105,105,105,105,105,105,105,105,105,105,105,105,105,105,105,105,105,105,105,105,105,105,104,104,104,104,104,104,104,104,104,104,104,104,104,104,104,104,104,104,104,104,104,104,104,104,104,104,104,104,104,104,104,104,104,104
11239,76,76,76,76,76,77,77,77,77,77,77,77,77,77,77,77,77,77,77,78,78,78,78,78,78,78,78,79,79,79,80,80,81,81,81,82,82,82,82,82,82,82,88,88,88,88,88,88,88,88,88,88,88,88,88,88,88,89,89,89,89,89,89,89,89,89,89,89,89,89,89,89,89,89,89,89,89,89,89,89,89,89,89,89,89,89,89,89,89,89,89,89,89,89,89,89,89,89,89,89,89,89,89,89,89,89,89,89,89,89,89,89,89,89,89,89,89,89,89,89,89,89,89,89,89,89,89,89,89,89,89,89,89,89,89,89,89,89,89,89,89,89,89,89,89,89,89,89,89,89,89,89,89,89,89,89,89,89,89,89
11354,241,242,242,247,249,249,249,249,250,252,253,254,256,257,259,259,260,261,261,262,262,262,265,267,268,271,271,271,272,272,272,273,273,273,274,274,275,276,276,277,278,279,288,288,288,288,289,289,289,289,289,289,290,290,290,291,291,291,292,293,293,293,294,295,295,296,295,295,296,296,296,296,296,295,296,296,296,296,296,296,296,296,297,297,297,298,299,299,299,299,299,299,299,299,299,299,299,299,299,299,299,299,299,299,299,299,300,300,300,300,300,300,300,300,300,301,301,301,301,301,301,301,301,301,301,301,301,301,301,301,301,301,301,301,301,301,301,301,301,301,301,301,301,301,302,302,302,302,302,302,302,302,302,302,302,302,302,302,302,302
11355,135,136,137,137,140,141,141,142,143,143,144,145,146,147,146,146,146,146,146,146,146,146,147,147,147,148,148,148,149,149,149,149,149,149,149,149,150,149,150,150,150,150,163,165,165,164,164,165,165,165,165,165,165,165,165,165,165,166,166,166,166,167,167,167,167,167,167,167,167,167,167,168,168,168,168,168,168,168,168,169,169,169,169,169,169,169,169,169,169,169,169,169,169,169,169,169,169,169,169,169,169,169,169,169,169,169,169,169,169,169,169,169,169,169,169,169,169,169,169,169,169,170,170,170,170,170,170,170,170,170,170,170,170,170,171,171,171,171,171,171,171,171,171,171,171,171,171,171,171,171,171,171,171,171,171,171,171,171,171,171
11356,38,38,38,39,39,40,40,40,40,40,40,40,40,41,41,41,41,41,41,41,41,41,41,41,41,41,41,41,41,41,41,41,41,41,41,41,41,42,42,42,42,42,42,42,42,42,42,42,42,42,42,42,42,42,42,42,42,42,42,42,42,42,42,42,42,42,42,42,42,42,42,42,42,42,42,42,42,42,42,42,42,42,42,42,42,42,42,42,42,42,42,42,42,42,42,42,42,42,42,42,42,42,42,42,42,42,42,42,42,42,42,42,42,42,42,42,42,42,42,42,42,42,42,42,42,42,42,42,42,42,42,42,42,42,42,42,42,42,42,42,42,42,42,42,42,42,42,42,42,42,42,42,42,42,42,42,42,42,42,42
11357,76,76,76,77,77,78,78,78,79,79,79,79,79,81,81,81,81,81,82,83,83,83,83,83,84,84,84,84,84,84,84,84,85,85,85,85,85,85,85,85,85,86,98,98,98,99,99,101,101,101,101,101,101,102,102,102,102,102,103,103,104,104,104,104,104,104,104,104,104,104,104,104,104,104,104,105,105,105,105,105,105,105,105,105,105,105,105,105,105,105,105,105,105,105,105,105,106,106,106,106,106,106,106,106,106,107,107,107,107,107,107,107,107,107,107,107,107,107,107,107,107,106,106,106,106,106,106,106,106,106,107,107,107,107,107,107,107,107,107,107,107,107,107,107,107,107,107,107,107,107,107,107,107,107,107,107,107,107,107,107
11358,33,33,33,33,33,33,33,33,33,33,34,35,35,35,35,35,35,35,36,36,36,36,36,36,36,37,37,37,37,37,37,37,37,37,37,37,37,37,37,37,37,37,42,42,42,42,42,42,42,42,42,42,42,43,43,43,43,43,43,43,43,43,43,43,43,44,43,43,43,43,43,43,43,43,43,43,43,43,43,43,43,43,43,43,43,43,43,43,43,43,43,43,43,43,43,43,43,43,43,43,43,43,43,43,43,43,43,43,43,43,43,43,43,43,43,43,43,43,43,43,43,43,43,43,43,43,43,43,43,43,43,43,43,43,43,43,43,43,43,43,43,43,43,43,43,43,43,43,43,43,43,43,43,43,43,43,43,43,43,43
11360,16,16,16,16,16,16,16,16,16,16,16,16,16,16,16,16,16,16,16,16,16,16,16,16,16,16,16,16,16,16,16,16,16,16,16,16,16,17,17,17,17,17,27,27,27,27,27,27,27,27,27,27,27,27,27,27,27,27,27,27,27,27,27,27,27,27,27,27,27,27,27,27,27,27,27,27,27,27,27,27,27,27,27,27,27,27,27,27,27,27,27,27,27,27,28,28,28,28,28,28,28,28,28,28,28,28,28,28,28,28,28,28,28,28,28,28,28,28,28,28,28,28,28,28,28,28,28,28,28,28,28,28,28,28,28,28,28,28,28,28,28,28,28,28,28,28,28,28,28,28,28,28,28,28,28,28,28,28,28,28
11361,37,37,37,39,39,39,39,39,39,39,39,39,39,40,40,40,40,40,40,41,41,41,41,41,41,41,41,41,41,41,41,42,42,42,42,42,43,44,44,45,45,45,56,56,56,56,56,56,56,56,56,56,56,56,56,56,56,56,57,57,57,57,57,57,57,57,57,57,57,57,57,57,57,57,57,57,57,57,57,57,57,58,58,58,58,58,58,58,58,58,58,58,58,58,58,58,58,58,58,58,58,58,58,58,58,58,58,58,58,58,58,58,58,58,58,58,58,58,58,58,58,58,58,58,58,58,58,58,58,58,58,58,58,58,58,58,58,58,58,58,58,58,58,58,58,58,58,58,58,58,58,58,58,58,58,58,58,58,59,59
11362,17,17,17,17,17,17,17,17,17,17,17,17,17,17,18,18,18,18,19,19,19,19,19,20,20,20,20,20,20,20,20,20,20,21,21,21,21,23,23,24,24,24,35,35,35,35,35,35,35,35,35,35,35,35,35,35,35,35,35,35,35,35,36,36,36,36,36,36,36,36,36,36,36,36,36,36,36,36,36,36,36,36,36,36,36,36,36,36,36,36,36,36,36,36,36,36,36,36,36,36,36,36,36,36,36,36,36,36,36,36,36,36,36,36,36,36,36,36,36,36,36,36,36,36,36,36,36,36,36,36,36,36,36,36,36,36,36,36,36,36,36,36,36,36,36,36,36,36,36,36,36,36,36,36,36,36,36,36,36,36
11363,3,3,3,3,3,3,3,3,3,3,3,3,3,3,3,3,3,3,3,3,3,3,3,3,3,4,4,4,4,4,4,4,4,4,4,4,4,3,3,3,3,3,4,4,4,4,4,4,4,4,4,4,4,5,5,5,5,5,5,5,5,5,5,5,5,5,5,5,5,5,5,5,5,5,5,5,5,5,5,5,5,5,5,5,5,5,5,5,5,5,5,5,5,5,5,5,5,5,5,5,5,5,5,5,5,5,5,5,5,5,5,5,5,5,5,5,5,5,5,5,5,5,5,5,5,5,5,5,5,5,5,5,5,5,5,5,5,5,5,5,5,5,5,5,5,5,5,5,5,5,5,5,5,5,5,5,5,5,5,5
11364,25,25,25,25,25,25,25,25,25,25,25,25,25,26,25,25,25,25,25,26,26,26,26,26,26,26,26,26,26,26,27,27,27,27,27,27,27,28,28,28,28,28,35,35,35,35,35,35,35,35,35,35,35,35,35,35,35,35,35,35,35,35,35,35,35,35,35,35,35,35,35,35,35,35,35,35,35,35,35,35,35,35,35,35,35,35,35,35,35,35,35,35,35,35,35,35,35,35,35,35,35,35,35,35,35,35,35,35,35,35,35,35,35,35,35,35,35,35,35,35,35,35,35,35,35,35,35,35,35,35,35,35,35,35,35,35,35,35,35,35,35,35,35,35,35,35,35,35,35,35,35,35,35,35,35,35,35,35,35,35
11365,53,54,54,54,54,54,54,54,54,54,54,56,56,56,56,56,56,57,57,57,57,57,57,57,57,57,57,57,57,57,57,57,57,57,57,57,58,59,59,59,59,60,67,67,67,67,67,67,67,67,67,67,67,67,67,67,67,67,67,67,67,67,67,67,67,67,67,67,67,67,67,67,67,67,67,67,67,67,67,67,67,67,67,67,67,67,67,67,67,67,67,67,67,67,67,67,67,67,67,67,67,67,67,67,67,67,67,67,67,67,67,67,67,67,68,68,68,68,68,68,68,68,68,68,68,68,68,68,68,68,68,68,68,69,69,69,69,69,69,69,69,69,69,69,69,69,69,69,69,70,70,70,70,69,69,69,69,69,69,69
11366,22,22,22,22,22,22,22,22,22,22,22,22,22,22,22,22,22,22,22,22,22,22,22,22,22,22,22,22,22,22,22,22,22,22,22,22,22,22,22,22,22,22,27,27,27,27,27,27,27,27,27,27,27,27,27,27,27,27,27,27,27,27,27,27,27,27,27,27,27,27,28,28,28,28,28,28,28,28,28,28,28,28,28,28,28,28,28,28,28,28,28,28,28,28,28,28,28,28,28,28,28,28,28,28,28,28,28,28,28,28,28,28,28,28,28,28,28,28,28,28,28,28,28,28,28,28,28,28,29,29,29,29,29,29,29,29,29,29,29,29,29,29,29,29,29,29,29,29,29,29,29,29,29,29,29,29,29,29,29,29
11367,51,51,53,54,54,54,54,54,54,54,54,54,54,54,54,55,56,56,56,57,57,57,57,57,58,58,58,58,58,58,58,58,58,58,58,58,58,60,61,61,61,61,67,67,67,67,67,67,67,67,67,67,67,67,67,67,67,67,67,67,67,67,67,67,67,67,67,67,67,67,67,67,67,67,67,67,67,67,67,67,67,67,67,67,67,67,67,67,67,67,67,67,67,67,67,67,67,67,67,67,67,67,67,67,67,67,67,67,67,67,67,67,67,67,67,67,67,67,67,67,67,67,67,67,67,67,67,67,67,67,67,67,67,67,67,67,67,67,67,67,67,67,67,67,67,67,67,67,67,67,67,67,67,67,67,67,67,67,67,67
11368,369,371,371,372,375,377,381,383,384,385,387,388,389,390,390,390,391,392,393,393,394,395,395,397,398,400,401,401,403,403,403,403,403,404,404,407,407,407,407,408,409,409,443,443,442,441,441,441,441,441,441,441,441,441,441,441,441,441,441,442,442,442,442,442,442,442,442,443,443,443,443,444,444,444,444,444,444,444,444,444,445,445,445,445,445,445,446,446,446,446,446,446,446,446,446,446,446,446,446,446,446,446,446,446,446,446,446,446,446,446,446,446,446,446,446,447,447,448,448,448,448,447,447,447,447,447,447,447,447,447,447,447,447,447,447,447,447,447,447,447,447,447,447,447,447,447,447,447,447,447,447,448,448,448,448,447,448,448,448,448
11369,150,150,153,153,153,153,153,153,155,156,156,158,159,160,160,160,160,160,160,162,162,162,162,162,163,164,164,164,164,164,164,164,166,166,166,168,168,167,167,167,167,168,175,175,175,175,176,176,176,176,176,177,177,177,177,177,177,177,177,177,177,177,177,179,179,180,179,179,179,179,179,179,179,179,179,179,179,179,179,179,179,179,179,179,180,180,180,180,180,180,180,180,180,180,180,180,180,181,181,181,181,181,181,180,181,181,181,180,181,181,181,181,181,181,181,182,182,182,182,182,182,182,182,182,182,182,182,182,182,182,182,182,182,182,182,182,182,182,182,182,182,182,182,182,182,182,182,182,182,182,182,182,182,182,182,182,182,182,182,182
11370,49,49,49,49,49,49,49,49,49,49,49,49,49,49,49,49,49,50,50,50,50,50,50,51,51,51,52,52,52,52,52,52,52,52,52,54,55,55,57,57,57,57,64,64,64,64,64,64,64,64,64,64,64,64,64,64,64,64,64,64,64,64,64,64,64,64,64,64,64,64,64,64,64,64,64,64,64,64,64,64,64,64,64,64,64,64,64,64,64,64,64,64,64,64,64,64,64,64,64,64,64,64,64,64,64,64,64,64,64,64,64,64,64,64,64,64,64,64,64,64,64,64,64,64,64,64,64,64,64,64,64,64,64,64,64,64,64,64,64,64,64,64,64,64,64,64,64,64,64,64,64,64,64,64,64,64,64,64,64,64
11372,218,218,218,221,225,226,227,227,227,227,227,229,229,229,230,230,230,231,231,231,231,231,232,232,234,235,236,236,236,236,236,236,237,237,237,237,237,238,238,239,240,240,253,253,253,252,252,252,253,253,253,253,254,254,254,254,254,254,254,254,254,254,255,255,255,255,256,256,257,257,257,257,257,257,257,257,257,257,257,257,257,257,257,257,257,257,257,257,258,258,258,258,258,258,258,258,259,259,259,259,259,260,260,260,260,260,260,260,260,260,260,260,260,260,260,260,260,260,260,260,260,260,260,260,260,260,260,260,260,260,260,260,260,260,260,261,261,262,262,262,262,263,263,263,263,263,263,263,263,263,263,263,263,263,263,263,263,263,263,263
11373,267,270,271,271,273,273,274,275,277,277,278,279,281,282,283,283,284,285,285,285,285,285,285,289,289,291,291,291,291,291,291,291,292,292,293,293,293,292,292,292,292,292,293,293,293,293,294,294,294,294,295,295,295,294,294,294,294,295,295,295,295,295,295,295,295,295,295,295,295,295,295,295,296,296,296,296,296,296,296,296,296,297,297,297,297,297,297,297,297,297,297,297,297,297,297,297,297,297,297,297,297,297,297,297,297,297,297,297,297,297,297,297,297,297,297,297,297,297,297,297,297,297,297,297,297,297,297,297,297,297,297,297,297,297,298,298,298,298,298,299,299,299,299,299,299,299,299,299,299,299,299,299,299,299,299,299,299,299,299,299
11374,80,80,80,80,82,83,83,83,83,83,84,84,84,84,84,84,84,84,85,85,85,85,86,86,87,89,89,89,89,90,90,90,90,90,90,90,90,91,91,91,91,91,99,99,99,99,99,99,99,99,99,99,99,99,99,99,99,99,99,99,99,99,99,99,99,99,99,99,99,99,99,99,99,99,99,99,99,99,99,99,99,99,99,99,99,99,99,99,99,99,99,99,99,99,99,99,99,99,99,99,99,99,99,99,99,99,99,99,99,99,99,99,99,99,99,99,99,100,100,100,100,100,100,100,100,100,100,100,100,100,100,100,100,100,100,100,100,100,100,100,100,100,100,100,100,100,100,100,100,100,100,100,100,100,101,101,101,101,101,101
11375,167,167,168,168,169,170,170,170,172,173,173,174,175,176,176,176,177,177,177,178,177,178,179,179,179,179,179,179,179,179,179,179,178,178,178,180,181,184,184,184,183,183,180,180,180,180,180,180,180,181,181,181,181,181,181,181,181,181,181,181,181,181,181,181,181,181,181,181,181,181,181,181,181,181,181,181,181,181,181,181,181,181,181,181,181,181,181,181,181,181,181,181,181,181,181,181,181,181,181,181,181,181,181,181,181,181,181,183,183,184,184,184,184,184,184,184,184,184,184,186,186,186,186,186,186,186,186,186,186,186,186,186,186,186,186,186,186,186,186,186,186,186,186,186,186,186,186,186,186,186,186,186,186,186,186,186,186,186,186,186
11377,166,166,166,167,169,169,169,169,169,169,169,169,170,170,173,173,173,174,174,175,176,176,177,177,178,178,179,179,180,180,181,182,184,184,184,185,185,184,184,184,184,184,189,189,190,190,189,189,189,189,189,190,191,191,191,192,192,192,192,192,193,194,194,194,194,195,195,195,195,195,195,195,195,195,195,195,195,195,195,195,195,195,195,195,195,195,195,195,195,195,195,195,195,195,195,195,195,195,195,195,195,195,195,195,195,195,195,195,195,195,195,196,196,196,196,196,196,196,196,196,197,197,197,197,197,197,197,197,197,197,198,198,198,198,198,198,198,198,198,198,198,198,198,198,198,198,198,198,198,198,198,198,198,198,197,197,197,197,197,197
11378,61,61,61,61,62,63,63,63,63,63,63,64,64,64,64,64,65,65,65,65,65,65,65,66,66,66,66,66,66,66,66,66,66,66,66,67,67,66,66,66,66,66,69,69,69,71,71,71,71,71,71,71,71,71,71,71,71,72,73,73,73,73,73,73,73,74,74,74,74,74,74,74,74,74,74,74,74,74,74,74,74,74,74,74,74,74,74,74,74,74,74,74,74,74,74,74,74,74,74,74,74,74,74,74,74,74,74,74,74,74,74,74,74,74,74,74,74,74,74,74,74,74,74,74,74,74,74,74,74,74,74,74,74,74,74,74,74,74,74,74,74,74,74,74,74,74,74,74,74,74,74,74,74,74,74,74,74,74,74,74
11379,77,77,77,78,78,78,78,78,78,78,78,79,79,79,80,80,80,82,82,82,83,83,83,83,83,83,85,86,86,86,86,86,88,88,88,88,88,88,88,89,89,89,96,96,96,96,96,96,96,96,96,96,96,96,96,97,97,97,97,97,97,97,97,97,97,97,97,97,97,97,97,97,97,97,97,97,98,98,98,98,98,98,98,98,98,99,99,99,99,99,99,99,99,99,99,99,99,99,99,99,99,100,100,100,100,100,100,100,100,100,100,100,100,100,100,100,100,100,100,100,100,100,100,100,100,100,100,100,100,100,100,101,101,101,101,101,101,101,101,101,101,101,101,101,101,101,101,101,101,101,101,101,101,101,102,102,102,102,102,102
11385,107,107,109,109,109,109,111,112,112,113,115,116,116,116,117,117,118,119,120,120,120,120,120,120,120,120,120,120,120,120,120,120,120,121,121,121,121,123,124,124,126,126,138,138,138,138,139,139,139,140,140,140,140,140,140,140,140,140,140,140,140,140,140,141,141,141,141,141,141,141,141,141,142,142,142,142,142,142,142,142,142,142,142,142,142,142,142,142,142,142,142,142,142,142,142,142,142,142,142,142,142,142,142,142,142,142,142,142,143,143,143,143,143,143,143,143,143,143,143,143,143,143,143,143,143,143,143,143,143,143,143,143,143,143,144,144,144,144,144,144,144,144,144,144,144,144,144,144,144,144,144,144,144,144,144,145,145,145,145,145
11411,35,35,35,35,35,35,35,36,36,36,36,36,36,36,36,36,36,36,36,36,37,37,37,37,37,37,37,37,37,37,37,37,37,37,37,37,37,37,37,37,37,37,50,50,50,50,50,50,50,50,50,50,50,50,50,50,50,50,50,50,50,50,50,50,50,51,50,50,50,50,50,50,50,50,50,50,50,50,50,50,50,50,50,50,50,50,50,50,50,50,50,50,50,50,50,50,50,50,50,50,50,50,50,50,50,50,50,50,50,50,50,50,49,49,49,49,49,49,49,49,49,49,49,49,49,49,49,49,49,49,49,49,49,49,49,49,49,49,49,49,49,49,49,49,49,49,49,49,49,49,49,49,49,49,49,50,50,50,50,50
11412,72,72,72,72,72,73,73,73,73,74,74,74,74,74,75,75,75,75,75,75,75,75,75,76,77,77,77,77,77,77,77,77,77,77,77,77,77,80,80,80,80,80,91,91,91,91,91,91,91,91,90,90,90,90,90,91,91,91,91,91,91,91,91,91,91,91,91,91,91,91,91,91,91,91,91,91,92,92,92,92,92,92,92,92,92,92,92,92,92,92,92,92,92,92,92,92,92,92,92,92,92,92,92,92,92,92,92,92,92,92,92,92,92,92,92,91,91,91,91,91,91,91,91,91,91,91,91,91,91,91,91,91,91,91,91,91,91,91,91,91,91,91,91,91,91,91,91,91,91,91,91,91,91,91,90,90,90,90,90,90
11413,60,60,60,60,62,63,64,64,64,64,64,65,65,65,65,65,65,66,67,68,69,69,69,69,69,69,69,69,69,69,69,69,69,69,69,69,69,73,74,74,74,74,103,103,103,103,103,103,103,103,103,103,103,102,102,102,102,102,102,102,102,102,102,102,102,102,102,102,102,102,102,102,102,103,103,103,103,103,103,103,103,103,103,103,103,103,103,103,103,103,103,103,103,103,103,103,103,103,103,103,103,103,103,103,103,103,103,103,103,103,103,103,103,103,103,103,103,103,103,103,103,103,103,103,103,103,103,103,103,103,103,103,103,103,103,103,103,103,103,103,103,103,103,103,103,103,104,104,104,104,104,104,104,104,104,104,104,104,104,104
11414,51,51,51,51,51,51,51,51,52,52,52,52,52,52,52,52,52,52,52,52,52,52,52,52,52,52,52,52,52,52,52,52,52,52,52,52,52,54,54,54,54,54,62,62,62,62,62,62,62,62,62,62,62,62,62,62,62,62,62,62,62,62,62,62,62,62,62,62,62,62,62,62,62,63,63,63,63,63,63,63,63,63,63,63,63,63,63,63,63,63,63,63,63,63,63,63,63,63,63,63,63,63,63,63,63,63,63,63,63,63,63,63,63,63,63,63,63,63,63,63,63,63,63,63,63,63,63,63,63,63,63,63,63,63,63,63,63,63,63,63,63,63,63,63,63,63,63,63,63,63,63,63,63,63,63,63,63,63,63,63
11415,41,41,41,41,41,41,41,41,41,41,41,41,41,41,41,41,42,43,43,43,44,44,44,44,44,45,45,45,45,45,45,45,45,45,45,45,45,46,46,46,46,46,53,53,52,52,51,51,51,51,51,51,51,51,51,51,51,51,51,51,51,51,51,51,51,51,51,51,51,51,51,51,51,51,51,51,51,51,51,51,51,51,51,51,52,52,52,52,52,52,52,52,52,52,52,52,52,52,52,52,52,52,52,53,53,53,53,53,53,53,53,53,53,53,53,53,53,53,53,53,53,53,53,53,53,53,53,53,53,53,53,53,53,53,53,53,53,53,53,53,53,53,53,53,53,53,53,53,53,53,53,53,53,53,53,53,53,53,53,53
11416,49,49,49,49,49,49,49,49,49,49,49,49,49,49,50,50,50,50,50,50,50,50,50,50,50,50,50,50,50,50,50,50,50,51,51,51,51,51,51,51,51,51,53,53,54,54,54,54,54,54,54,54,55,55,55,55,55,55,55,55,55,55,55,55,55,55,55,55,55,55,55,55,55,55,55,55,55,55,55,55,55,55,55,55,55,55,55,55,55,55,55,55,55,55,55,55,55,55,55,55,55,55,55,55,55,55,55,55,55,56,56,56,57,57,57,57,57,57,57,57,57,57,57,57,57,57,57,57,57,57,57,57,57,57,57,57,57,57,57,57,57,57,57,57,57,57,57,57,57,57,57,57,57,57,57,57,57,57,57,57
11417,34,34,35,35,35,35,35,35,35,35,35,35,35,35,35,35,35,35,37,37,37,37,38,38,38,38,38,38,38,38,38,38,38,38,38,39,39,39,39,39,39,39,46,46,46,46,46,46,46,46,46,46,46,46,46,46,46,46,46,46,46,46,46,46,46,46,46,46,46,46,46,46,46,46,46,46,47,47,47,47,47,47,47,47,47,47,47,47,47,47,47,47,47,47,47,47,47,47,47,47,47,47,47,47,47,47,47,47,47,47,47,47,47,47,47,47,47,47,47,47,47,47,47,47,47,47,47,47,47,47,47,47,47,47,48,48,48,48,48,49,49,49,49,49,49,49,49,49,49,49,49,49,49,49,49,49,49,49,49,49
11418,85,85,86,86,87,87,88,88,89,89,90,90,90,90,90,90,91,92,93,94,94,94,94,94,94,94,94,94,94,94,94,94,94,94,95,95,95,96,97,97,97,97,102,102,102,103,103,103,103,103,105,105,105,105,105,105,105,105,107,107,107,107,107,106,106,106,106,106,106,106,106,106,106,106,106,106,106,106,106,106,106,106,106,106,106,106,106,106,106,106,106,106,107,107,107,107,106,107,107,107,107,107,107,106,107,107,107,107,107,107,107,107,106,106,106,106,106,106,106,106,106,106,106,106,106,106,106,106,106,106,106,106,106,106,106,106,106,106,106,106,106,106,106,106,106,106,106,106,106,106,106,106,106,106,106,106,106,106,106,106
11419,80,80,80,81,82,83,84,84,84,84,84,84,84,84,85,86,86,86,86,86,86,86,86,86,86,86,86,86,86,86,86,86,86,86,86,86,86,88,88,88,88,88,93,93,93,94,94,95,95,95,95,95,95,95,95,95,96,96,96,96,96,96,96,96,96,96,97,98,98,98,98,98,98,98,98,98,98,98,98,98,98,98,98,98,98,98,98,98,98,98,98,98,98,98,98,98,98,98,98,98,98,98,98,98,98,98,98,98,98,98,98,98,98,98,99,98,98,98,98,98,98,98,98,98,98,98,98,98,98,98,98,98,98,98,98,98,99,99,99,99,99,99,99,99,99,99,99,99,99,99,99,99,99,99,99,99,99,99,99,99
11420,89,89,91,91,91,91,91,91,93,94,94,94,94,94,96,96,96,96,96,96,96,96,96,96,97,97,97,98,98,98,98,98,98,98,98,98,98,98,98,98,98,98,105,105,105,106,106,106,106,106,106,106,106,106,106,107,107,107,107,107,107,107,107,107,107,107,107,107,107,107,107,107,107,107,107,107,107,107,107,107,107,107,107,107,107,107,107,107,107,107,107,107,107,107,107,107,107,107,107,107,107,107,107,107,107,107,107,107,107,107,107,107,107,107,107,107,107,107,107,107,107,107,107,107,107,107,107,107,107,107,107,107,107,107,107,107,107,107,107,108,108,108,108,108,108,108,108,108,108,108,108,108,108,108,108,108,108,108,108,108
11421,91,91,91,92,93,93,93,93,93,93,93,93,94,94,94,94,94,94,94,94,94,94,94,95,95,95,95,95,95,96,96,96,97,97,97,98,98,98,98,98,98,98,102,102,102,102,102,102,102,102,102,102,102,102,102,102,102,102,102,102,103,103,103,103,103,103,103,103,103,103,103,103,103,103,103,103,103,103,103,103,103,103,103,103,103,103,103,103,103,103,103,103,103,103,103,103,103,103,103,103,103,103,103,103,103,103,103,103,103,103,103,103,102,102,102,102,102,103,103,103,103,103,103,103,103,103,103,103,103,103,103,103,103,103,103,103,103,103,103,103,103,103,103,103,103,103,103,103,103,103,103,103,103,103,103,103,103,103,103,103
11422,38,40,40,41,41,41,41,41,41,41,41,41,41,41,41,41,41,41,41,41,41,41,41,41,41,41,41,41,41,41,41,41,41,41,41,43,43,48,48,48,48,48,67,67,67,67,67,67,67,67,67,67,67,67,67,67,67,67,67,67,67,67,67,67,67,67,67,67,67,67,67,67,67,67,67,67,67,67,67,67,67,67,67,67,67,67,67,67,67,67,67,67,67,67,67,67,67,67,67,67,67,67,67,67,67,67,67,67,67,67,67,67,67,67,67,67,67,67,67,67,67,67,67,67,67,67,67,67,67,67,67,67,67,67,67,67,67,67,67,67,67,67,67,67,67,67,67,67,67,67,67,67,67,67,67,67,67,67,67,67
11423,82,83,83,83,84,85,85,86,87,87,89,89,89,90,90,90,91,91,91,91,91,91,91,91,91,91,91,91,91,92,92,92,92,92,92,92,92,94,94,94,95,95,102,102,102,102,104,104,104,104,104,104,104,103,103,103,103,103,103,104,104,104,104,105,105,105,105,105,105,105,105,105,105,105,105,105,105,105,105,105,105,105,105,105,105,105,105,105,105,105,105,105,105,105,105,105,105,106,106,106,106,106,106,106,106,106,106,106,106,106,106,106,106,106,106,106,106,106,106,106,106,106,106,106,106,106,106,106,106,107,107,107,107,107,108,108,108,108,108,108,108,108,108,108,108,108,108,108,108,108,108,108,108,108,108,108,108,108,108,108
11426,26,26,26,27,27,27,27,27,27,28,28,29,29,29,29,29,29,29,29,29,29,29,29,29,29,29,29,29,29,29,29,29,29,29,29,29,29,29,29,29,29,29,34,34,34,34,34,34,34,34,34,34,34,34,34,34,34,34,34,34,34,34,34,34,34,34,34,34,34,34,34,34,34,34,34,34,34,34,34,34,34,34,34,34,34,34,34,34,34,34,34,34,34,34,34,34,34,34,34,34,34,34,34,34,34,34,34,34,34,34,34,34,34,34,34,34,34,34,34,34,34,34,34,34,34,34,34,34,34,34,34,34,34,34,34,34,34,34,34,34,34,34,34,34,34,34,34,34,34,34,34,34,34,34,34,34,34,34,34,34
11427,42,42,42,43,43,44,44,44,44,44,44,44,44,44,44,44,44,44,44,45,45,45,45,45,45,45,45,45,45,45,45,45,45,45,45,45,45,46,46,46,46,46,51,51,51,51,51,51,51,51,51,51,51,51,51,51,51,51,51,51,51,51,51,51,51,51,51,51,51,51,51,51,51,51,51,51,51,51,51,51,51,51,51,51,51,51,51,51,51,51,51,51,51,51,51,51,51,51,51,51,51,51,51,51,51,51,51,51,51,51,51,51,51,51,52,52,52,52,52,52,52,52,52,52,52,52,52,52,52,52,52,52,52,52,52,52,52,52,52,52,52,52,52,52,52,52,52,52,52,52,52,52,52,52,52,52,52,52,52,52
11428,36,37,37,38,38,38,39,39,39,39,39,39,40,40,40,40,40,40,40,40,40,40,40,40,40,40,40,40,40,40,40,40,41,41,41,41,41,43,44,44,44,44,54,54,54,54,54,54,55,55,55,55,55,54,54,54,54,54,54,54,54,54,54,54,54,54,54,54,54,54,54,54,54,54,54,54,54,54,54,54,54,54,54,54,54,54,54,54,54,54,54,54,54,54,54,54,54,54,54,54,54,54,54,54,54,54,54,54,54,54,54,54,54,54,54,54,54,54,54,54,54,54,54,54,54,54,54,54,54,54,54,54,54,54,54,54,54,55,55,55,55,55,55,55,55,55,55,55,55,55,55,55,55,55,55,55,55,55,55,55
11429,60,60,61,61,61,61,61,61,61,61,61,61,61,61,61,61,61,61,61,61,61,61,61,61,61,61,62,62,62,62,62,62,62,62,62,62,62,64,64,64,64,64,75,74,74,74,74,74,74,74,74,74,74,75,75,75,75,75,75,75,75,75,75,74,75,75,75,75,75,75,75,75,75,75,75,75,75,75,75,75,75,75,75,75,75,75,75,75,75,75,75,75,75,75,75,75,75,75,75,75,75,75,75,75,75,75,75,75,75,75,75,75,75,75,75,75,75,75,75,75,75,75,75,75,75,75,75,75,75,75,75,75,75,75,75,75,75,75,75,75,75,75,75,75,75,75,75,75,76,76,76,76,76,76,76,76,76,76,76,76
11432,216,217,218,218,222,222,222,222,222,222,222,223,222,222,224,224,224,225,227,227,227,227,227,228,228,229,229,229,230,230,231,231,232,232,232,232,233,235,235,235,234,235,247,247,248,248,248,249,250,251,251,251,251,251,251,252,251,251,252,252,252,252,252,252,252,253,253,253,254,254,254,254,254,254,254,254,254,254,254,254,254,254,254,254,254,254,254,254,254,254,254,254,254,254,254,254,254,254,254,254,254,254,254,254,254,255,256,256,256,256,256,256,256,256,257,257,257,257,257,258,258,258,258,258,258,258,258,258,258,258,258,258,258,258,258,258,258,258,258,258,258,258,258,258,258,259,260,260,260,260,260,260,260,260,259,259,259,260,260,260
11433,69,69,69,69,69,69,69,70,70,70,70,71,72,72,72,72,72,72,74,74,74,75,75,75,75,76,76,76,76,76,76,76,76,76,76,76,76,76,76,76,76,76,79,79,79,79,79,79,79,79,79,79,79,79,79,79,79,79,79,79,79,79,79,79,79,79,79,79,79,79,79,79,79,79,79,79,79,79,79,79,79,79,79,79,79,79,79,79,79,79,79,79,79,79,79,79,79,79,79,79,79,80,80,80,80,80,80,80,80,80,80,80,80,80,80,80,80,80,81,81,81,81,81,81,81,81,81,81,81,81,81,81,81,81,81,81,81,81,81,81,81,81,81,81,81,81,81,81,81,81,81,81,81,81,81,81,81,81,81,81
11434,144,144,144,145,146,146,148,148,148,148,149,150,151,152,152,153,153,153,154,154,157,157,158,158,158,160,160,160,160,160,160,161,163,163,163,164,164,167,167,167,168,168,192,192,192,192,191,191,191,191,191,191,192,193,193,194,194,194,194,194,194,194,194,195,195,195,195,195,196,196,196,196,196,196,197,197,197,197,197,197,197,197,197,197,197,197,197,197,197,197,197,197,197,197,197,198,198,198,198,198,198,199,199,199,199,199,199,199,199,199,199,199,199,199,199,199,199,199,199,199,199,199,199,199,199,199,199,199,199,199,199,199,199,199,200,200,200,200,200,200,200,200,200,200,200,200,200,200,200,200,200,200,200,200,201,201,201,201,201,201
11435,125,125,128,128,129,130,130,130,132,132,134,134,134,135,135,135,135,137,138,139,139,140,140,140,140,140,140,140,140,140,140,140,140,140,141,142,142,141,141,142,142,142,147,147,147,147,147,147,148,148,147,148,148,148,148,148,148,149,149,149,149,149,149,149,149,149,149,149,150,150,150,150,150,150,150,150,150,150,150,150,150,150,150,150,150,150,150,150,150,150,150,150,150,150,150,150,150,150,150,150,150,150,150,150,150,150,150,150,150,150,150,150,150,150,150,150,150,150,150,150,150,150,150,150,150,150,150,150,150,150,150,150,150,150,150,150,150,150,150,150,150,150,150,150,150,150,150,150,150,150,150,150,150,150,150,150,150,150,150,150
11436,36,36,36,36,36,36,36,36,37,37,37,37,37,37,37,37,37,37,38,38,38,38,38,38,38,38,38,38,38,38,38,38,38,38,38,38,38,38,38,38,39,39,43,43,43,43,43,44,44,44,44,44,44,44,44,44,44,44,44,44,45,45,45,45,45,45,45,45,46,46,46,46,46,46,46,46,46,46,46,46,46,46,46,46,46,46,46,46,46,46,46,46,46,46,46,46,46,46,46,46,46,46,46,46,46,46,46,46,46,46,46,46,46,46,46,46,46,46,46,46,46,46,46,46,46,46,46,46,46,46,46,46,46,46,46,46,46,46,46,47,47,47,47,47,47,47,47,47,47,47,47,47,47,47,47,47,47,47,47,47
11691,288,288,287,289,290,290,290,290,292,293,293,294,296,296,296,296,296,299,301,303,304,305,306,308,309,311,311,315,315,315,316,316,316,317,318,318,318,322,322,323,324,324,360,360,361,362,362,362,363,363,363,364,364,364,364,365,368,368,367,367,367,368,368,369,369,369,370,370,370,371,371,371,371,372,372,372,372,372,372,372,372,372,372,372,372,372,372,373,373,373,373,373,373,374,374,374,373,374,374,374,374,374,374,373,374,374,374,374,374,374,374,374,374,374,374,374,374,374,374,374,374,375,375,376,376,376,376,376,376,376,376,376,377,377,377,377,377,377,377,377,377,377,377,377,377,377,377,377,377,378,379,379,379,379,379,379,379,379,379,379
11692,77,77,79,79,79,80,80,80,81,81,81,82,82,82,82,82,82,82,82,83,83,83,83,83,83,85,85,85,85,85,85,85,85,85,86,86,86,86,86,87,87,88,92,92,92,92,92,92,92,92,92,92,92,92,92,92,92,92,92,92,92,92,93,93,93,94,93,93,93,93,93,93,93,93,93,93,93,93,93,93,93,93,93,93,93,93,93,93,93,93,93,93,93,93,93,93,93,93,93,93,93,93,93,93,93,93,93,93,93,93,93,93,93,93,93,93,93,93,93,93,93,93,93,93,93,93,93,93,93,93,93,94,94,94,94,94,94,94,94,94,94,94,94,94,95,95,95,95,95,95,95,95,95,95,95,95,95,95,95,95
11693,25,25,25,25,25,25,25,25,25,25,25,25,25,25,25,25,25,25,25,25,25,25,25,25,25,26,26,26,26,26,26,26,26,26,26,26,26,25,25,25,25,25,30,30,30,30,30,30,30,30,30,29,29,29,29,29,29,29,29,29,29,29,29,29,29,29,29,29,29,29,29,29,29,29,29,29,29,29,29,29,29,29,29,29,29,29,29,29,29,29,29,29,29,29,29,29,29,29,29,29,29,29,29,29,29,29,29,29,29,29,29,29,29,29,29,29,29,29,29,29,29,29,29,29,29,29,29,29,29,29,29,29,29,29,29,29,29,29,29,29,29,29,29,29,29,29,29,29,29,29,29,29,29,29,29,29,29,29,29,29
11694,70,70,72,73,73,73,74,74,74,74,75,75,75,75,75,75,75,76,77,77,77,77,77,77,77,78,78,78,78,78,78,78,78,78,79,80,80,80,80,80,80,81,85,85,85,86,86,87,87,87,87,87,86,86,86,87,87,87,87,87,87,88,88,88,88,88,88,88,88,88,88,88,88,88,88,88,88,88,88,88,89,89,89,89,89,89,89,89,89,90,90,90,90,90,90,90,90,90,90,90,90,90,90,90,90,90,90,90,90,90,90,90,90,90,90,90,90,90,90,90,90,90,90,90,90,90,90,90,90,90,90,90,90,90,90,90,90,90,90,90,90,90,90,90,90,90,90,90,90,90,90,90,90,90,90,90,90,90,90,90
11697,2,2,2,2,2,2,2,2,2,2,3,3,3,3,3,3,3,3,3,3,3,3,3,3,3,3,3,3,3,3,3,3,3,3,3,3,3,3,3,3,3,3,4,4,4,4,4,4,4,4,4,4,4,4,4,4,4,4,4,4,4,4,4,4,4,4,4,4,4,4,4,4,4,4,4,4,4,4,4,4,4,4,4,4,4,4,4,4,4,4,4,4,4,4,4,4,4,4,4,4,4,4,4,4,4,4,4,4,4,4,4,5,5,5,5,5,5,5,5,5,5,5,5,5,5,5,5,5,5,5,5,5,5,5,5,5,5,5,5,5,5,5,5,5,5,5,5,5,5,5,5,5,5,5,5,5,5,5,5,5
